activity_id,start_time_local,activity_type,duration_seconds,distance_meters,calories,average_hr_bpm,max_hr_bpm,elevation_gain_m,training_load,aerobic_training_effect,anaerobic_training_effect
7423787241,2021-09-04 10:09:00,walking,545.24,905.63,77,114,145,6.62,5.76,0.5,0
7433030093,2021-09-05 11:08:02,walking,19043.97,4651.19,1130,88,125,41.51,2.4,0.2,0
7514562406,2021-09-19 08:04:06,treadmill_running,2789.59,4862.93,450,132,178,0,64.71,3,0.1
7515220056,2021-09-19 10:32:44,hiking,1703.48,1142.94,185,110,126,17.76,5.3,0.5,0
7519641475,2021-09-19 22:59:16,breathwork,938,0,0,60,86,0,0.05,0,0
7549225053,2021-09-25 05:34:01,hiking,16469.81,9434.7,1532,110,144,651.25,9.53,0.9,0
7551132248,2021-09-25 10:29:18,hiking,16932.8,10467.26,1521,110,152,21.87,12.21,1.2,0
7591014203,2021-10-02 13:59:42,hiking,11505.54,7113.15,1153,113,156,238.28,10.75,1,0
7596782246,2021-10-03 15:46:20,mountain_biking,4579.14,22806.53,360,97,133,157.19,3.69,0.3,0
7603412298,2021-10-04 21:15:06,treadmill_running,3304.26,4884.3,638,143,168,0,53.84,2.8,0
7608365308,2021-10-05 19:59:21,breathwork,938,0,0,70,99,0,0.08,0,0
7608464409,2021-10-05 20:17:39,breathwork,938,0,0,69,80,0,0,0,0
7613941466,2021-10-06 19:22:04,treadmill_running,2888.74,4432.38,464,134,160,0,26.33,2.1,0
7619587979,2021-10-07 19:32:34,treadmill_running,4408.84,6355.28,271,102,122,0,2.02,0.2,0
7635397498,2021-10-10 15:46:19,mountain_biking,4879.23,24779.77,937,151,210,145.47,148.22,3.8,2.1
7636211184,2021-10-10 18:29:19,treadmill_running,2695.83,3911.54,473,137,154,0,30.7,2.2,0
7638028203,2021-10-11 06:48:06,treadmill_running,812.47,1205.96,90,107,124,0,3.14,0.3,0
7666188783,2021-10-16 14:11:58,walking,2488.68,850.67,229,102,127,5.66,3.47,0.3,0
7669703205,2021-10-17 07:00:33,walking,2731.23,1664.61,216,95,119,18.15,3.11,0.3,0
7670306235,2021-10-17 10:25:26,breathwork,938,0,0,85,98,0,0.42,0,0
7672814283,2021-10-17 15:56:05,walking,2491.98,1097.86,190,93,162,9.95,6.28,0.6,0
7779551999,2021-11-07 06:43:56,hiking,5683.08,3888.28,457,97,166,129.77,17.87,1.7,0
7781786142,2021-11-07 13:27:40,walking,4161.83,1188.32,344,97,141,3.55,4.15,0.4,0
7782185382,2021-11-07 15:00:41,treadmill_running,2313,4399.62,359,125,157,0,20,2,0
7784191552,2021-11-07 21:40:57,breathwork,938,0,0,69,86,0,0,0,0
7785083282,2021-11-08 05:26:03,treadmill_running,1105.55,1716.69,101,99,112,0,2.36,0.2,0
7814024024,2021-11-13 19:35:18,treadmill_running,2212.91,3710.76,302,121,144,0,12.59,1.2,0
7814198152,2021-11-13 20:52:28,breathwork,938,0,0,82,105,0,0.45,0,0
7814232185,2021-11-13 21:09:23,breathwork,690.95,0,0,79,86,0,0.09,0,0
7815376393,2021-11-14 04:31:15,hiking,4963.43,3336.08,669,123,166,295.35,27.93,2.1,0.2
7815705543,2021-11-14 07:17:05,hiking,5722.17,3882.13,593,109,138,71.05,8.64,0.8,0
7851613554,2021-11-21 11:25:53,treadmill_running,2223.96,4161.97,320,124,152,0,18.37,1.8,0
7852382014,2021-11-21 13:41:46,walking,687.38,383,61,97,122,16.61,1.7,0.1,0
7852618753,2021-11-21 13:57:22,walking,1610.6,812.62,121,92,107,0,1.79,0.1,0
7855583345,2021-11-22 04:57:45,breathwork,938,0,0,60,90,0,0.02,0,0
7887167135,2021-11-28 16:39:35,breathwork,938,0,0,86,96,0,0.98,0.1,0
7893667119,2021-11-30 11:02:13,treadmill_running,928.11,1379.33,125,115,137,0,5.38,0.5,0
7911395848,2021-12-04 08:07:48,walking,1723.09,2707.82,216,120,138,8.4,6.92,0.6,0
7919816025,2021-12-05 20:26:37,treadmill_running,3111.36,5055.13,373,116,135,0,11.37,1.1,0
7951220362,2021-12-12 18:14:54,strength_training,2150.8,0,392,140,163,0,29.99,2.2,0
7952800884,2021-12-13 05:48:57,treadmill_running,1816.5,3087.04,226,116,130,0,7.51,0.7,0
7952866043,2021-12-13 06:42:09,breathwork,938,0,0,78,99,0,0.16,0,0
7960542938,2021-12-14 19:45:22,strength_training,2110.29,0,382,137,158,0,24.55,2.1,0
7967740221,2021-12-16 10:19:18,walking,8047.42,5028.57,765,105,138,29.36,6.26,0.6,0
7970280118,2021-12-16 22:32:43,treadmill_running,1186.5,1763.55,184,122,134,0,8.5,0.8,0
7971213866,2021-12-17 06:34:12,strength_training,2062.2,0,319,129,164,0,17.32,1.6,0.1
7980424398,2021-12-19 10:06:58,strength_training,2341.12,0,371,133,159,0,28.49,2.1,0.2
7993487049,2021-12-22 03:48:32,treadmill_running,3919.9,3310,302,96,124,0,6.57,0.6,0
8007523368,2021-12-25 14:12:48,walking,1392.47,928.22,136,107,128,3.37,3.02,0.3,0
8018597065,2021-12-27 21:30:08,treadmill_running,1827.07,2723.46,187,104,129,0,4.8,0.4,0
8023878186,2021-12-28 22:03:52,treadmill_running,2534.41,3711.71,345,120,144,0,12.07,1.2,0
8029267383,2021-12-29 23:46:38,treadmill_running,1963.29,3012.87,191,103,115,0,4.82,0.4,0
8040183784,2022-01-01 03:08:08,walking,2188.34,2224.98,199,116,137,4.97,3.2,0.3,0
8041995457,2022-01-01 13:48:42,walking,1565.59,2210.61,163,109,124,0,4.35,0.4,0
8048416211,2022-01-02 14:53:35,walking,1801.59,1566.43,159,102,121,17.18,2.69,0.2,0
8049950792,2022-01-02 19:06:05,treadmill_running,895.09,1389.53,139,121,148,0,9.84,0.9,0
8056117325,2022-01-03 21:12:11,treadmill_running,2670.33,4070.62,377,121,148,0,14.59,1.4,0
8057600586,2022-01-04 07:09:03,treadmill_running,1263.58,1917.58,125,103,111,0,3.24,0.3,0
8066867472,2022-01-05 19:31:18,treadmill_running,1545.11,2321.9,177,111,126,0,5.65,0.5,0
8068739253,2022-01-06 05:49:19,treadmill_running,1811.22,2727.02,188,107,121,0,5.45,0.5,0
8068765979,2022-01-06 06:20:57,breathwork,938,0,0,72,126,0,0.98,0.1,0
8072428881,2022-01-06 19:06:45,treadmill_running,1235.84,1883.86,138,109,126,0,4.34,0.4,0
8074345173,2022-01-07 05:23:18,treadmill_running,2085.86,3270.83,228,110,124,0,6.36,0.6,0
8078875842,2022-01-08 01:01:21,treadmill_running,1895.01,2591.35,197,107,118,0,5.28,0.5,0
8083894916,2022-01-08 21:20:14,treadmill_running,1216.68,1824.27,127,105,115,0,3.81,0.3,0
8088888804,2022-01-09 07:10:05,hiking,12236.56,5000.61,1202,110,156,315.83,8.89,0.8,0
8088894970,2022-01-09 11:12:20,hiking,7375.46,4095.06,771,114,151,4.27,15.03,1.5,0
8095583749,2022-01-10 21:22:02,treadmill_running,2103.05,3190.61,207,105,121,0,3.98,0.4,0
8099003368,2022-01-11 14:04:48,treadmill_running,3817.95,5350.59,437,116,136,0,12.08,1.2,0
8102717631,2022-01-12 04:55:23,treadmill_running,2304.64,3348.61,236,107,122,0,5.88,0.5,0
8111426610,2022-01-13 14:20:48,hiking,5831.19,2720.17,842,130,180,380.88,33.4,2.2,0.3
8111429747,2022-01-13 16:08:28,hiking,4174.97,2541.5,338,98,136,3.57,5.34,0.5,0
8118133939,2022-01-14 07:26:06,hiking,7933.77,5480.87,840,113,150,510.35,11.91,1.1,0
8124361400,2022-01-15 12:49:37,hiking,9248.52,5619.49,1167,125,164,667.84,30.51,2.2,0
8124364086,2022-01-15 16:34:48,hiking,5260.23,10177.07,582,113,143,19.5,14.57,1.4,0
8125799426,2022-01-16 05:58:15,hiking,8879.98,4432.86,1065,122,172,372.04,63.69,3,0
8131719140,2022-01-17 04:48:24,treadmill_running,2393.67,3851.11,231,104,116,0,6.22,0.6,0
8131744057,2022-01-17 05:29:04,breathwork,938,0,0,72,121,0,0.46,0,0
8137541754,2022-01-18 07:33:52,treadmill_running,634.92,976.85,71,107,119,0,2.54,0.2,0
8138510619,2022-01-18 11:53:42,treadmill_running,1219.95,1845.94,151,114,127,0,5.28,0.5,0
8139050722,2022-01-18 13:41:48,treadmill_running,615.1,761.33,70,107,123,0,2.54,0.2,0
8141849294,2022-01-18 21:26:07,treadmill_running,607.38,893.59,70,106,128,0,2.53,0.2,0
8147870622,2022-01-19 21:37:42,treadmill_running,1993.89,3592.37,250,123,238,0,10.71,1,0
8149616404,2022-01-20 08:12:26,treadmill_running,3893.87,5962.28,576,127,157,0,32.45,2.3,0
8154608993,2022-01-21 06:35:55,treadmill_running,1194.93,1961.92,109,99,107,0,2.31,0.2,0
8158548735,2022-01-21 22:24:42,treadmill_running,1640.47,2605.81,191,112,125,0,6.14,0.6,0
8165939855,2022-01-23 08:11:32,treadmill_running,4620.55,7368.6,551,118,150,0,16.15,1.6,0
8171890054,2022-01-24 05:02:42,treadmill_running,2455.6,3959.81,211,99,124,0,4.11,0.4,0
8171914819,2022-01-24 05:46:04,breathwork,938,0,0,68,115,0,0.37,0,0
8181458928,2022-01-25 19:23:23,treadmill_running,2420.46,3980.32,259,111,123,0,7.62,0.7,0
8187313377,2022-01-26 19:04:31,treadmill_running,3301.35,5283.97,388,118,146,0,11.92,1.1,0
8191009073,2022-01-27 13:22:13,treadmill_running,2703.31,4335.23,235,102,126,0,5.22,0.5,0
8193356608,2022-01-27 21:16:32,treadmill_running,909.83,1379.21,104,110,128,0,3.84,0.3,0
8194693666,2022-01-28 05:21:54,treadmill_running,904.73,1208.76,75,96,121,0,1.99,0.2,0
8194717678,2022-01-28 05:37:28,breathwork,938,0,0,73,116,0,0.93,0,0
8198107186,2022-01-28 19:16:26,treadmill_running,1502.94,2379.26,139,101,116,0,3.51,0.3,0
8200637359,2022-01-29 10:38:51,treadmill_running,0.91,1.55,0,106,106,0,,0,0
8201796590,2022-01-29 13:16:59,treadmill_running,1434.43,1947.57,126,99,116,0,3.31,0.3,0
8205771646,2022-01-30 06:45:59,treadmill_running,3324.64,5364.81,278,100,114,0,3.24,0.3,0
8209706496,2022-01-30 17:28:27,treadmill_running,1985.12,3145.15,249,117,168,0,12.42,1.1,0
8215309366,2022-01-31 19:12:51,treadmill_running,2721.89,3919.96,236,97,106,0,3.29,0.3,0
8215924551,2022-01-31 21:34:26,treadmill_running,712.02,1067.18,62,93,103,0,1.81,0.1,0
8219566267,2022-02-01 15:31:44,treadmill_running,506.03,798.78,61,108,119,0,2.58,0.2,0
8219951193,2022-02-01 16:15:18,treadmill_running,2357.75,3205.53,240,110,124,0,7.21,0.8,0
8223318713,2022-02-02 05:39:01,treadmill_running,3420.77,5055.3,284,96,183,0,18.19,0.4,1.6
8232050411,2022-02-03 17:35:45,treadmill_running,2568.29,4564.46,345,119,162,0,22.57,2.1,0
8232366956,2022-02-03 18:32:49,treadmill_running,2236.85,3089.28,199,101,126,0,2.84,0.3,0
8234875743,2022-02-04 07:55:04,treadmill_running,1801.51,2800.12,153,101,124,0,2.44,0.2,0
8236870814,2022-02-04 16:29:47,treadmill_running,467.54,689.13,42,99,111,0,1.43,0.1,0
8237301398,2022-02-04 17:27:03,treadmill_running,1555.47,2049.01,158,108,162,0,8.79,1,0
8240475886,2022-02-05 10:21:10,treadmill_running,2015.37,2990.88,212,109,130,0,5.77,0.6,0
8243047623,2022-02-05 16:50:44,treadmill_running,1227.43,1745.66,130,108,121,0,4.04,0.4,0
8245509446,2022-02-06 04:01:21,treadmill_running,5388.42,7796.18,397,91,101,0,2.29,0.2,0
8254992340,2022-02-07 18:34:04,treadmill_running,3567.07,4964.02,358,111,128,0,7.85,0.9,0
8255922381,2022-02-07 22:13:36,treadmill_running,674.97,1022.89,60,97,108,0,1.78,0.2,0
8258967978,2022-02-08 13:28:39,treadmill_running,934.38,1420.89,92,103,116,0,3.9,0.4,0
8259527124,2022-02-08 15:30:15,treadmill_running,850.82,1413.53,102,113,124,0,3.96,0.4,0
8267467327,2022-02-09 19:09:43,treadmill_running,3087.05,4189.9,285,108,122,0,4.48,0.5,0
8267580647,2022-02-09 20:14:09,treadmill_running,249.51,375.84,24,102,112,0,1.04,0.1,0
8271545238,2022-02-10 13:37:22,treadmill_running,4434.46,6465,452,111,136,0,10.19,1.1,0
8279110406,2022-02-11 19:48:57,treadmill_running,3373.92,4613.21,308,107,158,0,5.76,0.6,0
8285207776,2022-02-12 19:17:11,treadmill_running,1362.97,2199.67,145,108,119,0,4.98,0.5,0
8312929727,2022-02-17 17:20:25,treadmill_running,2123.7,3471.55,269,121,157,0,14.46,1.6,0
8315426839,2022-02-18 03:46:57,treadmill_running,3353.88,5358.75,337,110,142,0,9.16,1,0
8320672124,2022-02-19 07:03:06,treadmill_running,3093.37,4847.27,329,113,131,0,9.29,1,0
8326425180,2022-02-20 07:56:40,treadmill_running,1494.15,2327.33,180,118,125,0,6.69,0.7,0
8326480904,2022-02-20 08:22:32,breathwork,938,0,0,78,93,0,0.62,0,0
8330494409,2022-02-20 19:21:18,treadmill_running,914.29,2068.63,188,143,167,0,29.22,2.3,0
8332077110,2022-02-21 04:36:58,treadmill_running,2406.98,4603.63,297,118,154,0,13.53,1.5,0
8337696474,2022-02-22 06:48:45,walking,1015.1,1067.87,120,125,145,46.62,5.02,0.5,0
8368128446,2022-02-27 14:16:57,walking,457.51,633.15,59,116,150,2.07,5.48,0.5,0
8370274774,2022-02-27 19:08:06,walking,2010.3,2192.33,287,133,159,4.76,18.21,1.8,0.2
8371917922,2022-02-28 05:16:03,treadmill_running,3375.02,5700.18,307,106,144,0,5.41,0.6,0
8374768756,2022-02-28 17:14:53,treadmill_running,1807.95,3020.43,212,116,151,0,10.71,1.2,0
8375303198,2022-02-28 18:36:38,treadmill_running,1931.81,3252.48,223,115,127,0,7.82,0.9,0
8377641277,2022-03-01 06:09:44,treadmill_running,3530.27,6319.43,328,108,117,0,7.85,0.9,0
8377699618,2022-03-01 07:14:30,breathwork,938,0,0,71,82,0,0,0,0
8383430017,2022-03-02 04:32:50,treadmill_running,1805.85,3138.63,158,102,118,0,3.94,0.4,0
8402396759,2022-03-05 13:22:12,treadmill_running,1196.75,2180.11,142,113,146,0,7.44,0.8,0
8412846601,2022-03-07 05:12:33,treadmill_running,1384.02,2326.46,134,106,117,0,4.39,0.5,0
8435950261,2022-03-11 03:29:59,mountaineering,285.39,340.05,32,108,131,87.35,1.73,0.2,0
8436150765,2022-03-11 03:35:03,hiking,7270.65,4191.54,911,125,161,578.03,27.27,2.2,0
8436453502,2022-03-11 06:19:56,hiking,5480.68,4320.55,433,99,131,25.49,5.49,0.6,0
8441718618,2022-03-12 08:16:29,breathwork,938,0,0,79,90,0,0.06,0,0
8452404239,2022-03-13 19:39:33,treadmill_running,1592.05,2710.59,209,119,135,0,8.38,0.9,0
8453834815,2022-03-14 04:14:19,treadmill_running,2307.94,4008.99,219,105,112,0,6.2,0.7,0
8459916484,2022-03-15 06:52:43,treadmill_running,2053.94,3273.18,182,103,118,0,3.07,0.3,0
8470801462,2022-03-16 23:01:19,treadmill_running,1007.11,1572.43,122,114,126,0,5.17,0.6,0
8490619340,2022-03-20 11:29:34,walking,3604.23,1971.4,359,109,153,11.35,11.82,1.3,0
8658765207,2022-04-18 06:41:55,treadmill_running,1811.68,3470.49,241,120,146,0,13.95,1.6,0
8677022732,2022-04-20 22:37:35,treadmill_running,628.3,1075.16,64,105,117,0,2.34,0.2,0
8693919798,2022-04-23 22:53:56,treadmill_running,896.09,1302.09,215,156,188,0,68.83,3,1.5
8694983274,2022-04-24 06:10:11,treadmill_running,3000.46,5439.58,376,120,147,0,15.14,1.7,0
8697366827,2022-04-24 11:34:20,cycling,5423.72,9622.26,402,105,140,47.02,2.69,0.3,0
8697937228,2022-04-24 15:27:03,breathwork,938,0,0,80,111,0,0.31,0,0
8701198001,2022-04-25 04:30:03,treadmill_running,1816.49,2888.21,173,103,109,0,4.6,0.5,0
8707082541,2022-04-26 04:41:10,treadmill_running,2032.61,3482.12,238,116,127,0,7.92,0.9,0
8741612008,2022-04-30 09:18:59,hiking,35496.06,17778.43,3567,118,164,922.39,23.42,2.1,0
8741619753,2022-05-01 10:45:14,hiking,7558.82,4315.63,798,117,164,210.7,22.2,2.1,0
8752708069,2022-05-03 12:38:41,walking,13331.93,2717.55,902,93,123,42.02,2.79,0.3,0
8783816923,2022-05-08 13:30:30,cycling,7245.93,26858.33,1281,152,182,206.92,112.35,3.7,1
8787120800,2022-05-09 04:24:46,breathwork,938,0,0,72,90,0,0.09,0,0
8822363556,2022-05-14 15:47:33,mountain_biking,6860.44,30958.21,1189,147,174,250.06,89.58,3.5,0.1
8825544151,2022-05-15 07:16:53,mountain_biking,8821.38,37023.81,1466,145,174,342.97,78.58,3.3,0
8830855989,2022-05-15 22:25:54,treadmill_running,1213.99,1531.22,127,104,115,0,3.98,0.4,0
8830975407,2022-05-15 23:06:48,breathwork,938,0,0,67,85,0,0.01,0,0
8831681358,2022-05-16 04:22:21,treadmill_running,1808.22,2652.96,173,102,109,0,4.87,0.5,0
8835800708,2022-05-16 20:00:40,treadmill_running,1212.44,1765.28,158,116,125,0,6.1,0.7,0
8837765136,2022-05-17 05:05:01,treadmill_running,1804.19,2725.04,198,111,123,0,6.3,0.7,0
8837800370,2022-05-17 05:36:16,breathwork,938,0,0,68,92,0,0.01,0,0
8841464690,2022-05-17 17:48:49,walking,3370.26,2949.42,282,101,113,65.52,2.87,0.3,0
8844375733,2022-05-18 04:48:10,treadmill_running,1801.16,2923.89,171,106,116,0,4.94,0.5,0
8844407288,2022-05-18 05:19:42,breathwork,938,0,0,69,82,0,0.08,0,0
8848701074,2022-05-18 18:32:29,mountain_biking,4980.5,25288.09,907,149,173,181.97,80.63,3.4,0.1
8850893280,2022-05-19 04:33:50,treadmill_running,1806.61,2995.8,170,104,116,0,4.61,0.5,0
8850922826,2022-05-19 05:05:11,breathwork,938,0,0,71,87,0,0,0,0
8854220953,2022-05-19 17:05:55,walking,3969.93,4097.07,336,104,116,20.48,2.91,0.3,0
8855488118,2022-05-19 20:03:00,lap_swimming,2700,25,752,,,0,,,
8861537442,2022-05-20 22:56:20,treadmill_running,624.27,610.71,44,90,105,0,1.33,0.1,0
8863322153,2022-05-21 08:52:23,hiking,4503.27,986.34,296,91,128,31.06,2.25,0.2,0
8867656169,2022-05-21 11:13:55,hiking,18842.59,12561.81,1326,96,139,483.38,6.43,0.7,0
8867661089,2022-05-21 18:21:04,hiking,10490.5,5241.78,858,103,147,241.62,11.32,1.3,0
8869281024,2022-05-22 05:12:09,hiking,14131.27,5420.74,1095,100,143,411.99,6.8,0.7,0
8871072652,2022-05-22 09:45:51,hiking,4638.67,1053.18,389,101,134,138.34,4.74,0.5,0
8875764191,2022-05-23 06:04:12,treadmill_running,1791.84,2600.24,176,108,116,0,5.1,0.5,0
8875881948,2022-05-23 06:34:55,breathwork,938,0,0,69,80,0,0,0,0
8880028566,2022-05-23 20:39:09,cycling,1587.7,2321.84,108,91,121,19.36,1.73,0.2,0
8882417872,2022-05-24 09:11:53,treadmill_running,2140.39,3167.86,207,104,111,0,6.27,0.7,0
8884859568,2022-05-24 16:58:23,walking,4254.15,3041.13,304,93,116,23.69,2.39,0.2,0
8891673583,2022-05-25 19:28:35,treadmill_running,1215.18,1958.56,123,107,118,0,4.06,0.4,0
8892136929,2022-05-25 20:39:52,walking,1056.5,1562.25,152,117,152,10.07,14.99,1.7,0
8894170797,2022-05-26 07:51:23,treadmill_running,1500.63,2520.05,155,111,121,0,5.12,0.5,0
8894227167,2022-05-26 08:17:11,breathwork,938,0,0,71,95,0,0.06,0,0
8897469206,2022-05-26 16:04:33,walking,6917.52,4999.52,551,92,136,76.07,8.53,0.9,0
8900116723,2022-05-27 04:36:11,treadmill_running,1203.25,1909.8,103,100,107,0,2.79,0.3,0
8900143022,2022-05-27 05:01:28,breathwork,938,0,0,67,82,0,0.08,0,0
8909397446,2022-05-28 16:36:11,walking,2098.63,1956.35,222,102,141,45.09,8.66,1,0
8917527284,2022-05-29 23:12:24,treadmill_running,1425.82,2109.6,156,112,123,0,5.62,0.6,0
8918440503,2022-05-30 06:12:42,treadmill_running,1792.62,3100.96,187,108,115,0,5.98,0.6,0
8918493044,2022-05-30 06:46:47,breathwork,938,0,0,65,99,0,0.22,0,0
8924583577,2022-05-31 06:25:06,treadmill_running,2401.99,3950.05,226,102,110,0,5.89,0.6,0
8924725113,2022-05-31 07:06:13,breathwork,938,0,0,64,78,0,0,0,0
8927424623,2022-05-31 17:07:39,walking,992.11,897.48,82,97,105,14.13,1.97,0.2,0
8935236164,2022-06-01 20:10:13,treadmill_running,1364.81,2194.47,151,116,123,0,5.49,0.6,0
8935309574,2022-06-01 20:36:58,treadmill_running,381.81,555.48,41,108,112,0,1.75,0.2,0
8937207362,2022-06-02 05:33:37,treadmill_running,1652.73,2466.18,160,108,117,0,4.95,0.5,0
8940497039,2022-06-02 16:59:22,walking,3207.89,3803.98,296,95,116,23.48,5.9,0.6,0
8947324782,2022-06-03 19:33:57,walking,989.98,1354.55,103,98,111,7.1,3.58,0.4,0
8949666019,2022-06-04 08:43:01,treadmill_running,1505.77,2689.96,141,105,112,0,4.39,0.5,0
8953633284,2022-06-04 16:24:43,mountain_biking,5918.77,26219.28,854,134,165,228.8,32.42,2.4,0
8955920351,2022-06-05 08:04:42,breathwork,938,0,0,69,85,0,0.05,0,0
8956469992,2022-06-05 10:03:48,walking,1330.35,1921.58,154,102,115,38.46,6.35,0.7,0
8961931297,2022-06-06 04:27:10,treadmill_running,1802.01,3325.65,170,105,114,0,5.16,0.6,0
8961956884,2022-06-06 04:58:02,breathwork,938,0,0,65,80,0,0,0,0
8973822653,2022-06-07 23:21:31,treadmill_running,504.54,824.33,59,112,125,0,2.56,0.2,0
8985606337,2022-06-09 21:14:07,treadmill_running,1006.56,1717.68,114,113,123,0,4.39,0.5,0
8987034946,2022-06-10 04:53:56,treadmill_running,1201.92,2024.6,111,103,121,0,3.11,0.3,0
8987065580,2022-06-10 05:18:10,breathwork,551.79,0,0,68,92,0,0.15,0,0
8993432644,2022-06-11 09:10:08,treadmill_running,1205.22,1834.99,98,97,105,0,2.74,0.3,0
8995253665,2022-06-11 11:14:33,mountain_biking,8751.44,34818.23,1105,132,178,390.43,51.83,2.8,0.5
9000064491,2022-06-12 09:18:21,running,2418.39,5235.59,510,154,180,32.36,66.8,3.2,0.1
9004663963,2022-06-12 19:04:08,cycling,3215.57,6547.27,221,93,115,35.21,2.07,0.2,0
9006127310,2022-06-13 04:40:47,treadmill_running,1804.42,3463.91,148,97,104,0,2.61,0.3,0
9006153554,2022-06-13 05:11:38,breathwork,938,0,0,107,121,0,3.75,0.4,0
9015266622,2022-06-14 16:37:45,walking,1337.15,1890.48,151,112,124,13.97,5.61,0.6,0
9019627081,2022-06-15 08:41:57,walking,2694.47,1926,230,101,124,15.54,5.4,0.6,0
9031615792,2022-06-17 05:38:50,treadmill_running,1205.34,1862.51,110,102,109,0,3.41,0.3,0
9037532614,2022-06-18 07:16:47,treadmill_running,1500.78,2305.91,132,101,107,0,2.81,0.3,0
9040202361,2022-06-18 10:37:59,cycling,6315.48,13383.93,433,102,138,85.55,2.76,0.3,0
9042096806,2022-06-18 20:20:50,walking,2142.38,1659.55,151,84,107,3.81,2.44,0.2,0
9043861839,2022-06-19 07:42:04,treadmill_running,466.4,807.1,39,98,110,0,1.48,0.1,0
9048622865,2022-06-19 20:18:55,cycling,2761.29,5869.96,298,116,137,28.12,9.22,1,0
9056013303,2022-06-21 04:58:37,treadmill_running,1433.26,2569.79,141,108,114,0,4.71,0.5,0
9080664273,2022-06-25 05:54:00,cycling,3358.9,18779.55,570,141,176,154,53.02,2.9,0.3
9100393886,2022-06-28 10:38:43,walking,556.21,289.9,48,101,119,1.23,1.66,0.1,0
9102473005,2022-06-28 10:50:18,cycling,5619.75,8952.91,519,109,144,38.28,6.34,0.7,0
9102481790,2022-06-28 15:11:57,walking,7279.82,4568.29,536,93,127,86.73,3.37,0.3,0
9115277425,2022-06-30 16:19:58,walking,3746.23,2104.86,208,85,105,4.87,1.76,0.2,0
9123796746,2022-07-02 06:50:05,treadmill_running,1802.34,2746.64,187,110,120,0,6.41,0.7,0
9124402158,2022-07-02 07:31:11,road_biking,8566.69,51492.71,1427,147,168,318,84.66,3.4,0
9126511735,2022-07-02 13:02:55,mountain_biking,3724.56,7372.69,453,117,149,49.45,10.71,1.2,0
9129796982,2022-07-03 04:17:34,running,2225.57,5630.94,488,150,171,27.66,52.71,3,0
9129960146,2022-07-03 05:06:46,road_biking,3959.2,26963.61,698,141,170,151,45.08,2.7,0.1
9130295033,2022-07-03 08:27:19,breathwork,938,0,0,81,104,0,0.14,0,0
9136426782,2022-07-04 04:39:12,running,1276.59,3168.21,243,130,153,14.01,24.98,2.2,0
9142551389,2022-07-05 04:53:57,running,1212.03,2636.06,233,133,150,14.16,25.72,2.2,0
9147212784,2022-07-05 19:22:12,mountain_biking,5271.1,25034.88,675,126,152,141.95,20.06,2,0
9149094711,2022-07-06 05:40:04,running,1243.24,2629.11,232,133,152,16.79,26.99,2.2,0
9155413515,2022-07-07 04:13:09,running,1260.53,2641.74,232,132,155,20.11,26.22,2.2,0
9158957551,2022-07-07 17:53:49,mountain_biking,2254.53,11035.23,195,103,123,66.08,4.69,0.5,0
9165365103,2022-07-08 17:58:30,mountain_biking,6031.23,27175.84,774,128,157,183.6,23.78,2.1,0
9167379656,2022-07-09 04:39:55,road_biking,5750.54,40633.34,1018,149,175,267,86.93,3.4,0.2
9167495481,2022-07-09 06:27:39,walking,3018.01,5041.87,409,114,138,29.36,19.89,2,0
9169926985,2022-07-09 13:03:26,mountain_biking,3037.11,5456.08,334,114,138,34.13,7.69,0.8,0
9174029583,2022-07-10 08:05:47,walking,1743.82,2649.99,205,107,127,14.65,7.45,0.8,0
9174269581,2022-07-10 09:06:33,strength_training,1585.25,0,188,122,166,0,13.26,1.2,0.2
9177432107,2022-07-10 16:33:33,walking,1887.69,890.69,142,93,109,5.39,2.02,0.2,0
9180215196,2022-07-11 04:35:13,running,1487.87,2629.97,219,111,139,11.91,15.88,1.8,0
9180461026,2022-07-11 06:33:06,strength_training,1803.53,0,266,132,163,0,20.7,2.1,0
9182063005,2022-07-11 13:16:42,breathwork,938,0,0,68,96,0,0.14,0,0
9186672365,2022-07-12 06:21:21,running,1271.75,2677.69,228,131,157,19.94,28.33,2.3,0
9191066844,2022-07-12 19:04:41,mountain_biking,4257.76,21237.3,563,128,165,123.04,26.65,2.2,0
9193093098,2022-07-13 04:37:55,running,1120.57,2664.21,233,142,164,17.72,34.12,2.4,0
9193229763,2022-07-13 05:10:48,road_biking,2980.36,21292.01,637,153,170,123,71.54,3.2,0.1
9198534594,2022-07-13 22:52:16,breathwork,938,0,0,74,105,0,0.13,0,0
9203159671,2022-07-14 17:59:07,walking,830.72,1032.29,80,103,118,1.16,2.79,0.3,0
9203920505,2022-07-14 19:53:32,walking,1243.86,1028.49,115,102,124,7.1,3.46,0.4,0
9205966730,2022-07-15 05:40:44,breathwork,938,0,0,67,105,0,0.19,0,0
9215787640,2022-07-16 04:35:21,hiking,34700.86,23665.02,2461,98,123,1231.57,9.61,1.1,0
9224577154,2022-07-17 12:32:23,walking,18466.26,4290.52,570,68,104,30.91,2.05,0.2,0
9228768787,2022-07-18 19:46:10,cycling,698.42,1419.21,53,94,110,11.21,1.59,0.1,0
9229061558,2022-07-18 20:11:49,walking,1193.6,234.35,38,72,82,0,0,0,0
9229061631,2022-07-18 20:32:02,cycling,543.51,1283.41,50,101,116,5.15,2.36,0.2,0
9229195016,2022-07-18 20:50:16,treadmill_running,951.93,1477.39,89,103,122,0,2.88,0.3,0
9233949141,2022-07-19 16:02:37,treadmill_running,2529.99,3944.8,269,115,124,0,9.01,1,0
9235065519,2022-07-19 18:54:52,road_biking,3607.79,26939.46,1193,,,137,0,0,0
9235221608,2022-07-19 20:12:13,cycling,530.89,1271.74,117,149,164,15.5,17.33,2,0
9235485924,2022-07-19 20:54:24,cycling,444.41,1066.62,72,127,139,5.71,5.67,0.6,0
9243706085,2022-07-21 05:41:46,running,1686.92,2649.63,206,106,118,16.04,8.02,0.9,0
9244982598,2022-07-21 11:36:57,breathwork,938,0,0,62,95,0,0,0,0
9247991712,2022-07-21 18:52:37,road_biking,5973.46,42888.88,1212,160,186,273,146.08,4.2,1
9257700261,2022-07-23 06:54:36,hiking,11936.7,9294.06,740,92,142,217.49,6.74,0.6,0
9261909636,2022-07-23 11:11:25,hiking,7250.6,4747.41,484,94,137,211.42,9.35,0.9,0
9261912901,2022-07-23 13:56:27,hiking,10268.56,4880.09,715,96,146,200.73,8.65,0.8,0
9263045817,2022-07-24 10:10:08,treadmill_running,1802.78,3172.5,228,119,143,0,9.61,0.9,0
9263980788,2022-07-24 11:02:13,road_biking,5679.75,40248.82,975,149,201,260,97.88,3.2,2
9294669758,2022-07-24 11:02:22,other,6023,40279.8,,146.88,200,232.38,,,
9268609617,2022-07-25 05:22:16,treadmill_running,1204.41,2119.63,113,105,118,0,3.78,0.3,0
9268641437,2022-07-25 05:43:02,breathwork,938,0,0,67,114,0,0.07,0,0
9273053972,2022-07-25 20:26:41,walking,1703.18,718.61,128,96,123,3.89,2.71,0.2,0
9273486731,2022-07-25 21:11:45,treadmill_running,3423.25,7732.34,630,144,187,0,81.83,3,1.5
9275029457,2022-07-26 06:30:22,strength_training,2379.09,0,284,123,162,0,16.05,1.3,0.1
9275069979,2022-07-26 07:10:31,treadmill_running,764.41,1705.97,159,146,167,0,28.04,2.1,0
9279304524,2022-07-26 19:32:49,treadmill_running,2102.31,5702.92,357,136,175,0,49.54,2.6,0
9280034205,2022-07-26 21:40:51,breathwork,938,0,0,73,98,0,0.15,0,0
9285362593,2022-07-27 17:56:52,strength_training,2456.81,0,212,110,134,0,5.01,0.4,0
9288100862,2022-07-28 04:19:21,treadmill_running,2372.76,4005.34,198,100,109,0,4.31,0.4,0
9292719410,2022-07-28 19:52:53,strength_training,2258.77,0,264,124,162,0,14.59,1.3,0
9292899192,2022-07-28 20:31:24,treadmill_running,1498.05,4024.51,251,136,155,0,26.47,2.1,0
9294710931,2022-07-29 04:15:00,cycling,6023,40279.8,,146.88,200,232.38,,,
9298600863,2022-07-29 19:13:36,treadmill_running,2426.05,8020.44,476,145,166,0,47.4,2.6,0
9300736428,2022-07-30 05:47:24,road_biking,7213.13,50203.57,1009,138,168,334,49.17,2.6,0.2
9301042044,2022-07-30 08:59:11,breathwork,938,0,0,73,88,0,0,0,0
9301377314,2022-07-30 09:37:37,treadmill_running,2707.32,5283.15,429,134,168,0,34.62,2.2,0.2
9304678980,2022-07-30 17:36:56,strength_training,4304.82,0,369,113,144,0,5.23,0.4,0
9306880339,2022-07-31 05:19:22,treadmill_running,2266.95,3720.6,190,98,110,0,4.4,0.4,0
9307072416,2022-07-31 07:15:56,breathwork,938,0,0,75,95,0,0.04,0,0
9313381202,2022-08-01 04:27:06,treadmill_running,1805.73,3075.67,152,99,106,0,4.36,0.4,0
9313583468,2022-08-01 06:14:57,strength_training,2151,0,268,127,159,0,15.57,1.4,0
9317321991,2022-08-01 18:56:49,cycling,563.57,1275.95,53,103,117,189.35,1.92,0.1,0
9317901253,2022-08-01 19:07:21,walking,4597.23,1701.57,275,88,115,16.2,2.15,0.2,0
9319942046,2022-08-02 05:29:19,breathwork,938,0,0,62,95,0,0.07,0,0
9325281834,2022-08-02 20:46:52,treadmill_running,2980.71,7009.81,400,125,160,0,23.55,2,0
9325630236,2022-08-02 22:02:00,cycling,2603.78,10807.5,268,111,143,87.58,7.06,0.6,0
9331936627,2022-08-03 20:31:42,strength_training,2534.78,0,288,122,148,0,13.91,1.3,0
9332219565,2022-08-03 21:36:09,treadmill_running,1318.05,3034.33,191,127,163,0,19.2,1.8,0
9333846491,2022-08-04 05:22:06,road_biking,5580.91,40531.94,937,145,173,264,71.46,3,0.3
9337954858,2022-08-04 19:32:07,treadmill_running,1809.98,4052.78,240,123,157,0,17.9,1.6,0
9340142363,2022-08-05 05:53:57,treadmill_running,1217.71,1805.57,89,95,105,0,2.04,0.1,0
9340203204,2022-08-05 06:24:49,breathwork,938,0,0,61,72,0,0,0,0
9352905891,2022-08-07 07:45:04,running,2040.59,5194.58,432,152,172,40.49,58.93,2.9,0
9356414949,2022-08-07 13:21:07,walking,12841.02,4132.53,597,79,112,55.37,3.43,0.3,0
9357027801,2022-08-07 18:17:16,cycling,1062.17,2614.92,114,112,122,8.77,4.36,0.4,0
9357388817,2022-08-07 18:45:34,walking,2612.74,305.64,81,68,95,0,0.48,0,0
9357521128,2022-08-07 19:31:06,cycling,1158.67,2486.66,94,98,123,26.58,3.12,0.2,0
9364427276,2022-08-08 21:41:09,treadmill_running,1212.65,1936.56,115,106,117,0,3.93,0.3,0
9370778309,2022-08-09 18:50:52,road_biking,5231.91,40175.71,940,151,177,261,90.7,3.3,0.2
9371927302,2022-08-09 23:24:58,treadmill_running,1225.94,2009.06,115,105,118,0,3.95,0.3,0
9378501893,2022-08-10 21:51:05,treadmill_running,1763.55,3007.57,163,104,133,0,5.45,0.5,0
9378663738,2022-08-10 22:51:06,strength_training,472.66,0,37,100,113,0,1.64,0.1,0
9378736558,2022-08-10 22:59:39,breathwork,938,0,0,71,99,0,0.13,0,0
9384407365,2022-08-11 18:51:01,mountain_biking,5369.26,26190.13,715,132,161,187.77,32.19,2.3,0
9384958934,2022-08-11 21:33:55,treadmill_running,1212.55,2250,143,114,145,0,10.21,1,0
9390522468,2022-08-12 18:01:31,road_biking,5183.63,40235.22,1008,156,179,269,111.23,3.6,0.5
9391646965,2022-08-12 22:32:26,treadmill_running,5506.41,10040.7,834,140,180,0,71.01,2.9,0.7
9392782625,2022-08-13 06:15:48,road_biking,5836.6,40254.17,842,139,167,268,49.54,2.6,0
9397849411,2022-08-13 21:40:31,treadmill_running,2150.23,3005,197,107,131,0,5.49,0.5,0
9405964250,2022-08-14 12:28:11,walking,13192.39,3370.49,462,73,117,43.54,2.57,0.2,0
9407185621,2022-08-15 10:09:18,road_biking,5878.08,40701.83,992,149,202,389,119.05,3.3,2.1
9407733446,2022-08-15 12:32:47,strength_training,2857.09,0,358,129,152,0,18.02,1.5,0
9409488151,2022-08-15 17:13:09,breathwork,938,0,0,89,103,0,0.8,0,0
9410398211,2022-08-15 19:58:48,treadmill_running,1201.3,1590.56,171,125,146,0,10.82,0.9,0
9412355088,2022-08-16 04:56:14,treadmill_running,1348.89,2070,122,103,131,0,4.06,0.3,0
9426110743,2022-08-18 06:24:58,treadmill_running,1209.33,1652.76,98,97,109,0,2.54,0.2,0
9429795055,2022-08-18 17:23:59,road_biking,4964.16,35674.14,874,148,179,278,82.71,3.1,0.5
9438555081,2022-08-20 05:34:04,road_biking,5827.69,40624.98,974,147,189,382,97.18,3.2,1.2
9438656175,2022-08-20 07:26:42,treadmill_running,1801.37,4070.63,293,133,153,0,19.94,1.7,0
9443175057,2022-08-20 18:45:48,mountain_biking,2068.63,4576.84,196,106,127,33.41,3.57,0.3,0
9443409841,2022-08-20 20:18:16,treadmill_running,2133.57,4532.13,294,124,149,0,16.02,1.4,0
9443904918,2022-08-20 22:53:07,breathwork,938,0,0,70,99,0,0.02,0,0
9445043628,2022-08-21 05:46:24,mountain_biking,4466.62,26662.17,780,142,173,206.75,62,2.8,0
9445163122,2022-08-21 07:16:50,treadmill_running,2486.49,5001.99,310,121,145,0,14.85,1.3,0
9448256937,2022-08-21 11:59:43,walking,11531.81,6214.46,726,86,119,198.32,6.43,0.5,0
9451691150,2022-08-22 04:15:17,treadmill_running,1322.09,3140.17,197,125,151,0,16.26,1.4,0
9472245959,2022-08-25 05:22:50,treadmill_running,1927.69,4272.91,272,126,182,0,27.62,2.1,0
9476825398,2022-08-25 19:57:26,strength_training,2615.63,0,336,123,153,0,17.26,1.6,0
9477339826,2022-08-25 21:44:22,treadmill_running,1329.1,3031.09,215,130,157,0,21.25,1.8,0.1
9478854193,2022-08-26 05:26:44,mountain_biking,4568.05,26702.05,771,144,166,184.13,59.51,2.8,0
9482347157,2022-08-26 18:11:55,strength_training,1667.31,0,203,117,152,0,11.02,1,0
9483183752,2022-08-26 20:35:23,treadmill_running,2241.76,5030.05,365,135,168,0,37.25,2.3,0
9484860001,2022-08-27 06:13:00,mountain_biking,4038.53,22300.23,536,130,148,163.97,24.15,2,0
9485154670,2022-08-27 08:16:27,strength_training,2408.76,0,281,120,156,0,11.64,1,0
9488783735,2022-08-27 14:19:27,walking,13692.16,2019.51,648,84,120,71.02,2.39,0.2,0
9491653104,2022-08-28 04:46:16,hiking,12978.59,8355,839,94,132,396.23,3.56,0.3,0
9493332015,2022-08-28 09:26:09,hiking,12126.07,7999.31,797,95,133,350.25,4.54,0.4,0
9502720920,2022-08-29 20:16:33,treadmill_running,1486.79,2124.75,97,91,107,0,1.94,0.1,0
9504716097,2022-08-30 06:20:02,treadmill_running,1502.56,2867.02,168,113,139,0,7.99,0.7,0
9518545609,2022-09-01 07:28:29,running,2492.66,5594.96,497,139,156,73.79,57.52,2.8,0
9520045616,2022-09-01 13:08:27,strength_training,2457.01,0,305,121,152,0,15.91,1.4,0
9520890455,2022-09-01 15:53:38,walking,1345.44,1349.84,95,81,101,7.94,2.11,0.2,0
9524914761,2022-09-02 07:22:20,running,1788.84,4641.47,414,148,167,54.07,68.67,3,0
9527549768,2022-09-02 12:57:30,hiking,9741.74,5836.08,644,94,129,269.01,3.27,0.3,0
9530625904,2022-09-03 06:00:40,treadmill_running,3289.56,7058.97,440,127,153,0,22.48,2,0
9531674012,2022-09-03 10:01:14,walking,3822.26,641.74,179,82,111,4.03,1.3,0.1,0
9531869391,2022-09-03 11:17:00,walking,1036.72,1048.93,65,88,102,8.5,1.44,0.1,0
9534996666,2022-09-03 17:51:12,mountain_biking,4317.67,26729.8,805,149,170,179.41,65.16,3,0
9537396705,2022-09-04 08:17:16,treadmill_running,1303.78,3006.07,184,124,144,0,11.29,1,0
9548266126,2022-09-05 18:22:38,mountain_biking,4982.76,25053.66,628,129,156,165.35,27.13,2.1,0
9548721918,2022-09-05 20:30:17,treadmill_running,841.48,1233.81,58,92,104,0,1.66,0.1,0
9554124148,2022-09-06 17:35:40,strength_training,2523.02,0,297,121,148,0,12.51,1.1,0
9554340031,2022-09-06 18:27:25,walking,1161.27,1371.15,107,97,120,7.46,3.55,0.3,0
9557415305,2022-09-07 06:19:30,treadmill_running,1228.64,2006.4,131,113,123,0,5.13,0.4,0
9557489223,2022-09-07 06:44:24,treadmill_running,1230.24,2037.55,121,109,117,0,4.41,0.4,0
9567192535,2022-09-08 15:47:21,mountain_biking,5984.05,16069.78,644,122,148,151.5,15.82,1.4,0
9574177814,2022-09-09 20:31:07,treadmill_running,2084.16,3211.45,159,98,108,0,2.52,0.2,0
9576345064,2022-09-10 09:28:28,breathwork,938,0,0,63,82,0,0,0,0
9578468099,2022-09-10 13:34:11,mountain_biking,5903.06,31088.07,781,133,160,210.32,36.52,2.3,0
9579034854,2022-09-10 16:16:55,treadmill_running,1203.78,2773.59,192,133,152,0,19.97,2,0
9582879147,2022-09-11 09:11:37,treadmill_running,2584.23,5185.58,321,121,151,0,16.94,1.6,0
9585000647,2022-09-11 13:38:12,mountain_biking,930.35,1861.89,88,105,120,9.98,2.51,0.2,0
9586257178,2022-09-11 15:54:18,mountain_biking,5167.13,26713.86,402,101,136,201.41,4.39,0.4,0
9588967985,2022-09-12 04:24:23,treadmill_running,2015.63,4007.56,249,117,150,0,13.03,1.3,0
9589147813,2022-09-12 05:37:41,mountain_biking,3063.7,17678.15,458,131,163,155.09,24.05,2.1,0
9600803945,2022-09-13 21:55:52,treadmill_running,1430.64,2000.87,120,100,112,0,2.96,0.3,0
9607402806,2022-09-14 22:23:56,treadmill_running,2189.56,3005.86,150,90,101,0,2.07,0.2,0
9612466320,2022-09-15 18:04:34,mountain_biking,5133.98,26807.37,613,125,152,181.2,20.56,2,0
9613705349,2022-09-15 23:12:40,treadmill_running,674.76,1021.86,60,101,114,0,2.29,0.2,0
9616839834,2022-09-16 05:01:23,mountain_biking,2669.91,14104.59,356,124,156,118.44,16.59,1.6,0
9623589383,2022-09-17 10:24:01,road_biking,15736.23,102480.65,2300,148,182,965,124.49,3.8,0
9625673249,2022-09-17 22:59:35,treadmill_running,354.36,501.86,28,96,103,0,1.08,0.1,0
9626899799,2022-09-18 06:57:47,treadmill_running,2901.22,6004.44,352,121,148,0,15.44,1.5,0
9627070360,2022-09-18 08:09:25,strength_training,2496.07,0,451,144,164,0,43.22,2.5,0
9633217219,2022-09-19 05:29:23,treadmill_running,2448.19,3594.16,207,100,108,0,3.97,0.4,0
9639193717,2022-09-20 04:44:50,cycling,3656.4,18400.45,310,104,135,157.85,6.34,0.6,0
9639238772,2022-09-20 06:14:32,strength_training,231.87,0,18,95,103,0,0.74,0,0
9643329219,2022-09-20 18:37:27,running,3510.78,6003.99,551,136,181,39.78,54.91,2.8,0
9645902966,2022-09-21 06:30:14,strength_training,314.65,0,52,118,137,0,5.19,0.5,0
9649441255,2022-09-21 18:07:15,strength_training,1542.76,0,259,124,154,0,22.02,1.9,0.2
9652510338,2022-09-22 07:20:38,treadmill_running,1755.58,2722.93,185,106,124,0,,0.6,0
9656359728,2022-09-22 18:22:18,mountain_biking,5386.2,26834.07,544,103,131,186.93,13.93,1.3,0
9658614973,2022-09-23 06:48:12,breathwork,938,0,0,67,92,0,0.28,0,0
9665783268,2022-09-24 08:08:23,hiking,14253.43,9662.18,1542,113,165,664.59,64.47,3,0.1
9670511546,2022-09-25 05:17:03,treadmill_running,7965.28,15105.37,1061,118,186,0,66.37,3,0
9671570570,2022-09-25 10:55:54,strength_training,2163.61,0,401,132,161,0,46.89,2.4,0.7
9672611721,2022-09-25 12:14:06,road_biking,4782.04,34146.42,1097,154,184,181,309.09,5,3.2
9675728539,2022-09-25 21:35:49,breathwork,938,0,0,65,95,0,0.14,0,0
9676844048,2022-09-26 05:09:13,treadmill_running,1818.19,2890.18,184,101,110,0,6.48,0.6,0
9676873729,2022-09-26 05:40:56,breathwork,938,0,0,77,120,0,0.86,0,0
9687608955,2022-09-27 22:30:41,treadmill_running,1782.96,2566.42,215,108,122,0,8.69,0.8,0
9693616341,2022-09-28 21:59:26,strength_training,2412.22,0,350,119,146,0,21.52,2,0
9695001329,2022-09-29 06:58:36,strength_training,259.94,0,28,97,107,0,1.3,0.1,0
9701203705,2022-09-30 06:54:32,mountain_biking,7314.76,35678.23,1224,135,164,299.28,125.37,3.5,1.2
9704640380,2022-09-30 20:50:37,treadmill_running,1794.24,2938.39,197,105,119,0,7.27,0.6,0
9712679221,2022-10-02 08:05:42,mountain_biking,4838.02,24534.76,930,137,161,186.35,96.15,3.3,0.5
9723499721,2022-10-03 22:00:52,treadmill_running,2617.34,4502.49,343,114,139,0,15.78,1.4,0
9730123053,2022-10-04 22:58:34,treadmill_running,1736.82,2696.45,184,105,112,0,6.69,0.6,0
9735690628,2022-10-05 20:25:44,treadmill_running,1210.2,2524.04,191,119,138,0,15.38,1.4,0
9736129362,2022-10-05 22:00:22,breathwork,938,0,0,70,92,0,0.17,0,0
9736350249,2022-10-05 22:44:15,virtual_ride,1851.55,13241.16,373,,,277,,,
9736402371,2022-10-05 23:21:16,virtual_ride,547,4204.93,66,140,152,4,,,
9740089516,2022-10-06 15:56:36,virtual_ride,1815.59,15573.6,316,,,23,,,
9740179180,2022-10-06 16:28:07,virtual_ride,901.24,7049.63,134,141.42,167,15,37.3,2.1,1
9742287577,2022-10-06 22:05:52,treadmill_running,1215.24,2509.51,205,123,145,0,23.13,2,0
9747806009,2022-10-07 21:30:47,running,1264.71,1319.88,184,122,159,26.8,13.05,1.2,0
9749334844,2022-10-08 05:49:36,treadmill_running,5876.49,10097.64,727,118,144,0,25.04,2,0
9749961962,2022-10-08 09:52:55,breathwork,477.73,0,0,82,108,0,1.55,0.1,0
9750676286,2022-10-08 11:43:10,virtual_ride,2355.81,18026.12,404,,,205,,,
9754841319,2022-10-09 01:28:45,virtual_ride,1932.09,13125.53,262,,,146,,,
9754894453,2022-10-09 02:06:25,virtual_ride,869,6069.74,96,0,0,25,,,
9760243477,2022-10-09 18:33:40,treadmill_running,3262.37,5004.47,488,126,181,0,80.77,3,0.9
9760977018,2022-10-09 21:43:05,virtual_ride,1803.53,16097.92,330,,,88,,,
9764922249,2022-10-10 16:51:54,strength_training,2101.02,0,283,113,137,0,14.29,1.3,0
9766103473,2022-10-10 19:44:32,treadmill_running,1667.36,2501.92,180,103,113,0,6.62,0.6,0
9766922883,2022-10-10 21:35:46,virtual_ride,4754.97,37540.18,792,,,258,,,
9772544408,2022-10-11 19:05:49,running,1864.97,2326.45,209,112,124,34.8,8.4,0.7,0
9773324457,2022-10-11 21:57:51,virtual_ride,3792.58,30937.59,561,,,10,,,
9779587197,2022-10-12 22:03:27,treadmill_running,1234.89,1974.37,131,102,115,0,4.87,0.4,0
9780056200,2022-10-12 23:48:05,virtual_ride,3019,25034.7,461,,,7,,,
9783871460,2022-10-13 17:38:11,strength_training,1137.45,0,228,132,160,0,40.28,2.4,0
9794383717,2022-10-15 14:11:36,treadmill_running,1802.85,3279.3,225,110,141,0,13.38,1.2,0
9795293828,2022-10-15 16:28:41,virtual_ride,1783.07,15569.59,331,143.52,196,23,89.31,2.9,2.1
9797319385,2022-10-15 23:46:16,virtual_ride,1996.54,15573.6,270,123.87,141,23,22.27,2,0
9836623028,2022-10-22 14:44:09,treadmill_running,2031.35,3005.72,214,104,123,0,7.88,0.7,0
9838372526,2022-10-22 16:53:31,strength_training,2660.22,0,461,129,157,0,42.39,2.3,0.7
9838374825,2022-10-22 19:03:32,treadmill_running,2012.19,3011.54,238,108,117,0,9.22,0.8,0
9839100079,2022-10-22 21:24:32,virtual_ride,5233.38,40288.82,717,127.56,158,183,58.42,2.7,0.3
9840283883,2022-10-23 06:08:06,treadmill_running,4091.25,6502.27,440,108,122,0,14.88,1.4,0
9840351451,2022-10-23 07:20:53,virtual_ride,1826.57,15189.92,281,137.11,165,5,48.31,2.4,0.6
9844144587,2022-10-23 15:57:06,mountain_biking,5330.26,25249.22,750,120,158,198.54,43.75,2.5,0
9845396160,2022-10-23 21:08:55,breathwork,938,0,0,67,96,0,0.27,0,0
9846742935,2022-10-24 06:13:45,strength_training,2901.53,0,430,119,157,0,32.6,2.1,0.5
9850311730,2022-10-24 19:38:44,treadmill_running,1357.17,2005.42,139,100,109,0,5,0.5,0
9851295097,2022-10-24 22:57:35,treadmill_running,2481.8,4007.89,246,102,111,0,8.35,0.8,0
9852497107,2022-10-25 06:44:59,strength_training,2086.19,0,268,112,156,0,15.83,1.2,0.2
9852937636,2022-10-25 09:08:20,treadmill_running,986.09,1086.93,93,95,109,0,2.85,0.2,0
9856349663,2022-10-25 19:11:09,running,2149.25,1712.06,141,76,93,14.71,2.25,0.2,0
9857154936,2022-10-25 21:27:17,treadmill_running,2157.38,3046.31,207,99,110,0,6.77,0.6,0
9863617112,2022-10-26 22:07:07,treadmill_running,3423.33,5450,331,101,122,0,10.68,1,0
9869007548,2022-10-27 19:25:47,treadmill_running,2509.38,5089.07,418,126,164,0,52.55,2.8,0
9870603745,2022-10-28 05:02:04,treadmill_running,2239.66,5050.61,433,134,167,0,53.76,2.8,0
9877832193,2022-10-29 08:21:10,hiking,3345.53,1961.78,270,92,126,108.98,4.88,0.4,0
9877872463,2022-10-29 10:16:41,walking,7791.73,4962.93,747,102,131,379.12,13.01,1.3,0
9884089577,2022-10-29 12:46:43,other,27878,18463.55,,,,594.54,,,
9885071905,2022-10-30 12:33:05,treadmill_running,1151.28,2064.68,137,105,140,0,8.68,0.8,0
9885612521,2022-10-30 12:54:13,strength_training,3806.96,0,547,122,156,0,34.24,2.2,0.4
9887321855,2022-10-30 15:59:26,virtual_ride,5455.61,46376.21,916,150.17,175,39,122.67,3.7,0.5
9889112278,2022-10-30 23:35:34,virtual_ride,2107.77,15247.54,230,161.78,186,5,183.45,4.2,2.1
9893821529,2022-10-31 18:44:18,virtual_ride,3453.72,26201.87,418,124.21,144,9,28.66,2.2,0
9900234684,2022-11-01 19:10:50,strength_training,2394.58,0,372,127,164,0,46.94,2.5,0
9906945664,2022-11-02 21:53:08,treadmill_running,656.21,1051.13,67,97,106,0,2.63,0.2,0
9927737307,2022-11-06 12:38:10,walking,1710.31,1012.75,120,85,107,16.99,1.99,0.2,0
9929527280,2022-11-06 17:16:12,strength_training,2411.97,0,427,127,162,0,47.25,2.6,0
9929812244,2022-11-06 18:28:21,breathwork,938,0,0,88,109,0,1.71,0.1,0
9930154266,2022-11-06 18:59:10,treadmill_running,3093.87,5007.51,838,167,189,0,227.16,4.9,1.1
9931644177,2022-11-07 04:09:18,treadmill_running,1223.28,2005.79,121,96,117,0,4.39,0.4,0
9935224293,2022-11-07 18:45:30,treadmill_running,871.62,1501.34,112,108,120,0,5.38,0.5,0
9935517668,2022-11-07 19:30:00,breathwork,938,0,0,66,91,0,0.11,0,0
9955420193,2022-11-11 07:07:01,treadmill_running,1227.53,1975.81,158,110,119,0,7.34,0.6,0
9958210540,2022-11-11 16:29:57,strength_training,2548.69,0,378,114,162,0,44.69,2.5,0
9959174525,2022-11-11 20:10:35,breathwork,938,0,0,79,93,0,0.6,0,0
9960757471,2022-11-12 04:40:44,treadmill_running,5949.37,10047.84,566,102,140,0,13.63,1.2,0
9960814183,2022-11-12 06:29:14,virtual_ride,1700.1,13123.71,289,147.27,168,146,67.85,3.1,0.6
9960828928,2022-11-12 06:58:46,virtual_ride,360.14,2118.81,48,142.17,156,23,13.98,1.4,0.1
9963609611,2022-11-12 14:52:33,strength_training,2927.44,0,590,138,164,0,76.06,3,0.4
9964455672,2022-11-12 17:16:55,treadmill_running,1200.43,2009.85,135,103,112,0,5.25,0.4,0
9965140509,2022-11-12 19:13:12,virtual_ride,2365.48,18038.1,357,138.46,192,112,150.28,3.5,3.1
9965297043,2022-11-12 19:55:31,virtual_ride,2292.15,17182.51,275,144.58,187,6,122.74,3.8,1.9
9967301121,2022-11-13 09:07:28,treadmill_running,1923.42,3005.16,191,99,105,0,6.43,0.5,0
9967625478,2022-11-13 10:20:10,virtual_ride,1214.92,10244.26,197,134.99,170,4,47.34,2.6,0.8
9970073045,2022-11-13 15:28:41,treadmill_running,1441.72,3007.64,214,116,142,0,22.39,1.9,0
9973010294,2022-11-14 05:10:49,treadmill_running,1750.45,4006.75,305,124,152,0,42.36,2.2,0.7
9973077064,2022-11-14 05:44:26,virtual_ride,1955.58,15573.16,284,131.13,139,23,28.37,2.3,0
9973099214,2022-11-14 06:20:12,virtual_ride,494.52,4044.8,70,131.46,144,8,10.05,1.1,0
9975436619,2022-11-14 15:42:23,strength_training,2210.55,0,343,122,163,0,32.46,2.1,0
9978911097,2022-11-15 07:01:15,treadmill_running,1804.03,3006.35,209,108,119,0,8.58,0.7,0
9987220833,2022-11-16 17:01:46,walking,1833.07,1828.32,188,103,135,32.12,6.61,0.5,0
9993310700,2022-11-17 18:44:15,treadmill_running,3302.14,6003.56,421,115,160,0,26.07,2,0
9995212646,2022-11-18 05:17:37,virtual_ride,2135.8,15572.89,248,107.6,121,23,18.11,2,0
9995256217,2022-11-18 05:58:38,treadmill_running,1158.14,2005.23,117,96,104,0,4.06,0.3,0
9997962666,2022-11-18 17:07:22,virtual_ride,2801.7,20018.71,369,132.72,159,153,47.6,2.8,0.2
10004634213,2022-11-19 21:54:26,treadmill_running,1741.88,3021.36,173,98,129,0,6.31,0.5,0
10006075254,2022-11-20 08:32:27,treadmill_running,1781.34,3505.64,216,109,149,0,19.6,1.2,0.4
10008676218,2022-11-20 15:30:05,breathwork,938,0,0,78,89,0,0.61,0,0
10011503513,2022-11-21 06:53:23,treadmill_running,1847.19,3299.75,181,101,132,0,,0.5,0
10014565818,2022-11-21 19:10:47,treadmill_running,900.07,1195.97,94,100,109,0,3.7,0.3,0
10031365174,2022-11-24 19:37:45,virtual_ride,3075.57,21006.82,504,147.82,235,209,81.83,3.4,0.3
10031586945,2022-11-24 20:19:38,treadmill_running,2953.8,6144.76,433,120,150,0,33.61,2.2,0
10031839326,2022-11-24 21:58:29,virtual_ride,579.21,2253.78,111,142.87,159,92,32.54,2.4,0
10031954320,2022-11-24 22:09:26,virtual_ride,1943.97,12232.2,276,138.88,158,116,35.17,2.5,0
10032778227,2022-11-25 05:16:24,virtual_ride,2051.78,15573.6,265,128.15,147,23,23.26,2.1,0
10036065485,2022-11-25 19:14:19,treadmill_running,2598.09,4006.02,296,107,146,0,14.23,1.1,0
10037833266,2022-11-26 06:57:14,virtual_ride,3540.59,26147.16,407,120.17,144,24,28.78,2.3,0
10040084899,2022-11-26 14:59:00,breathwork,665.06,0,0,232,240,0,1.69,0.1,0
10040775651,2022-11-26 16:11:25,treadmill_running,2716.29,5009.42,379,119,231,0,28.56,2,0
10041496424,2022-11-26 18:57:24,virtual_ride,1431.33,11252.59,200,127.78,165,21,23.12,2.1,0
10041596877,2022-11-26 19:21:33,virtual_ride,1549.34,12591.51,230,140.84,161,5,46.69,2.6,0.7
10043433638,2022-11-27 07:46:03,treadmill_running,1739.42,3007.55,163,98,111,0,5.5,0.4,0
10045527750,2022-11-27 13:12:07,walking,3424.41,1069.05,301,98,128,55.61,8.31,0.7,0
10045972428,2022-11-27 14:29:23,walking,3125.01,5146.08,387,107,131,36.12,17.33,1.5,0
10048844967,2022-11-28 05:04:58,treadmill_running,1805.99,3471.17,172,101,142,0,13.93,0.7,0.5
10049005269,2022-11-28 06:17:00,strength_training,2398.37,0,406,131,162,0,56.55,2.7,0
10057314067,2022-11-29 17:25:33,treadmill_running,2455.61,4084.14,209,95,114,0,5.01,0.4,0
10059893199,2022-11-30 05:52:45,treadmill_running,1697.2,3008.98,166,100,118,0,5.73,0.5,0
10069014211,2022-12-01 20:36:15,treadmill_running,2231.31,4009.08,223,103,112,0,7.36,0.6,0
10075269166,2022-12-03 06:51:01,treadmill_running,2444.76,5126.93,258,103,138,0,8.08,0.7,0
10077109979,2022-12-03 13:24:25,strength_training,2693.67,0,439,126,152,0,37.21,2.3,0
10077481605,2022-12-03 14:36:46,virtual_ride,2393.06,18338.9,308,130.43,149,5,28.9,2.3,0
10077542140,2022-12-03 15:16:58,virtual_ride,629.39,4083.67,117,154.04,164,64,39.67,2.5,0.2
10079538618,2022-12-03 23:02:31,virtual_ride,1745.34,8026.5,199,176.77,186,127,285.54,5,3.1
10082394564,2022-12-04 13:13:32,treadmill_running,1207.54,2308.19,112,96,112,0,3.99,0.3,0
10084280110,2022-12-04 18:41:21,treadmill_running,1904.59,3685.24,161,94,101,0,3.18,0.2,0
10084624751,2022-12-04 20:18:48,breathwork,938,0,0,65,76,0,0,0,0
10086162508,2022-12-05 07:15:57,treadmill_running,2574.62,5007.84,218,95,105,0,4.43,0.3,0
10088337967,2022-12-05 16:44:49,strength_training,2127.96,0,290,114,147,0,15.87,1.4,0
10089087742,2022-12-05 18:57:00,virtual_ride,2877.42,20482.98,373,,,92,,,
10089119249,2022-12-05 19:45:15,virtual_ride,327.51,2042.4,38,,,15,,,
10090893731,2022-12-06 04:46:57,treadmill_running,2032.11,4015.09,169,93,105,0,3.45,0.3,0
10091293770,2022-12-06 06:45:40,breathwork,938,0,0,64,94,0,0.16,0,0
10100816181,2022-12-07 22:31:17,treadmill_running,2098.39,4009.36,178,93,114,0,3.68,0.3,0
10105181193,2022-12-08 19:10:45,treadmill_running,1674.65,3235.48,215,112,144,0,10.74,0.9,0
10105797140,2022-12-08 21:42:57,treadmill_running,1208.99,2255.95,109,95,106,0,3.44,0.3,0
10108081587,2022-12-09 12:02:42,walking,1729.79,1485.3,164,96,119,14.94,5.36,0.4,0
10109354408,2022-12-09 16:55:37,treadmill_running,1310.99,3003.18,222,131,161,0,38.23,2.3,0
10110278388,2022-12-09 20:02:27,virtual_ride,5185.81,40376.55,742,135.07,159,31,91.68,3.5,0.7
10111492569,2022-12-10 05:22:22,treadmill_running,2582.51,5033.45,234,100,228,0,6.37,0.5,0
10111586511,2022-12-10 06:13:48,virtual_ride,3122.65,35008.02,386,130.16,166,92,49.45,2.8,0.1
10111864882,2022-12-10 08:16:24,strength_training,2868.76,0,527,133,159,0,53.63,2.6,0.1
10116579763,2022-12-11 05:21:05,treadmill_running,2947.9,5825.12,225,90,103,0,2.6,0.2,0
10116809776,2022-12-11 07:18:23,virtual_ride,3978.57,30242.97,546,136.77,164,93,90.45,3.3,1.5
10116996570,2022-12-11 08:51:41,strength_training,2404.28,0,442,132,159,0,56.83,2.6,0.2
10118904115,2022-12-11 15:03:52,walking,166.79,29.45,19,102,111,0,1.16,0.1,0
10118905630,2022-12-11 15:06:49,incident_detected,9.36,0.03,1,103,104,0,0.05,0,0
10119187465,2022-12-11 15:13:49,walking,2549.43,1516.1,282,113,148,9.41,9.08,0.8,0
10125742792,2022-12-12 23:10:17,treadmill_running,742.37,1271.3,67,95,105,0,3.2,0.2,0
10128385345,2022-12-13 13:50:32,walking,2875.73,2297.35,324,114,163,136.36,27.67,2.1,0
10151171205,2022-12-18 11:10:21,treadmill_running,2098.73,4007.13,211,102,116,0,7.46,0.6,0
10152287752,2022-12-18 14:06:54,strength_training,2106.39,0,438,141,165,0,66.04,2.9,0.1
10153964090,2022-12-18 21:25:48,breathwork,938,0,0,65,88,0,0,0,0
10154804676,2022-12-19 04:32:38,treadmill_running,1812.53,3567.32,164,96,107,0,4.28,0.3,0
10159441817,2022-12-20 04:35:17,treadmill_running,1485.62,3009.01,140,98,108,0,4.84,0.4,0
10162956892,2022-12-20 19:22:10,virtual_ride,3657.93,25093.01,436,135.43,155,45,52.33,2.8,0.4
10173113571,2022-12-22 23:11:09,treadmill_running,1566.37,3007.33,124,92,106,0,2.79,0.2,0
10181905971,2022-12-24 21:28:04,treadmill_running,2120.17,4091.23,199,101,113,0,7.45,0.7,0
10182683417,2022-12-25 04:55:31,treadmill_running,1215.73,2399.05,91,89,96,0,2.39,0.2,0
10182738955,2022-12-25 05:23:22,treadmill_running,2519.08,5509.51,246,101,127,0,9.65,0.9,0
10186893597,2022-12-26 05:36:46,treadmill_running,3400.73,6461.82,253,90,105,0,2.61,0.2,0
10191090798,2022-12-26 21:36:41,breathwork,938,0,0,64,84,0,0.01,0,0
10192218570,2022-12-27 05:08:56,treadmill_running,1378.54,3502.1,234,125,143,0,28.49,2.2,0
10192331886,2022-12-27 06:05:07,strength_training,2732.08,0,465,129,161,0,47.31,2.6,0
10197977972,2022-12-28 05:14:44,treadmill_running,1610.27,4006.25,399,159,185,0,166.46,4,1.1
10198074433,2022-12-28 06:06:31,strength_training,2209.5,0,418,138,157,0,62.52,2.9,0
10203615721,2022-12-29 04:44:25,treadmill_running,2085.11,5042.83,343,125,153,0,42.61,2.5,0
10203777463,2022-12-29 06:11:53,strength_training,2771.14,0,447,128,150,0,40.8,2.4,0
10224098045,2023-01-01 17:49:33,treadmill_running,1572.16,3012.96,167,107,114,0,7.23,0.7,0
10226123112,2023-01-02 04:00:53,treadmill_running,1514.77,3006.32,129,97,104,0,3.54,0.3,0
10232867006,2023-01-03 04:36:32,treadmill_running,1499.91,3009.15,126,94,102,0,3.11,0.3,0
10245123943,2023-01-04 23:04:53,treadmill_running,1936.88,3659.32,165,94,114,0,3.73,0.3,0
10257229788,2023-01-06 21:45:13,treadmill_running,1204.37,2381.12,104,93,101,0,3.12,0.3,0
10258526738,2023-01-07 04:42:46,treadmill_running,2626.03,6110.75,420,127,158,0,57.6,3,0
10259249613,2023-01-07 09:53:24,breathwork,570,0,0,76,107,0,0.34,0,0
10260857856,2023-01-07 13:04:41,strength_training,2558.52,0,486,138,168,0,74.36,3.2,0.3
10265349602,2023-01-08 05:49:03,treadmill_running,2380.2,5058.69,232,101,128,0,6.48,0.7,0
10265721445,2023-01-08 08:07:00,strength_training,3772.89,0,622,132,167,0,71.1,3,1.9
10268456886,2023-01-08 15:01:42,walking,1191.06,1381.05,120,94,115,20.31,5.32,0.6,0
10271970781,2023-01-09 04:17:47,treadmill_running,1804.71,4371.21,297,125,154,0,46.39,2.8,0
10272018471,2023-01-09 04:53:43,strength_training,1232.63,0,141,106,137,0,7.04,0.8,0
10278430428,2023-01-10 04:20:12,treadmill_running,1533.84,3008.49,150,101,141,0,8.59,0.9,0
10285216925,2023-01-11 04:02:31,treadmill_running,1494.69,3003.03,131,97,104,0,4.34,0.5,0
10292008671,2023-01-12 05:11:41,treadmill_running,1893.42,4007.87,265,117,146,0,25.23,2.2,0
10298189765,2023-01-13 04:08:15,treadmill_running,1215.5,2529.18,109,97,123,0,4.39,0.5,0
10298784047,2023-01-13 07:14:30,walking,2430.36,754,106,70,93,1.23,1.46,0.1,0
10302639672,2023-01-13 20:59:05,strength_training,578.69,0,57,100,125,0,3.45,0.4,0
10304139414,2023-01-14 05:08:21,treadmill_running,1201.39,2369.7,98,93,102,0,2.69,0.3,0
10304224210,2023-01-14 05:48:13,treadmill_running,2174.97,5509.28,503,153,187,0,166.58,4.1,2.5
10308169340,2023-01-14 16:41:12,strength_training,3138.58,0,547,135,153,0,54.51,2.8,0
10310660437,2023-01-15 04:34:08,treadmill_running,1219.83,2356.55,89,88,97,0,2.24,0.2,0
10310724695,2023-01-15 04:57:09,treadmill_running,2116.19,5453.76,411,139,163,0,78.31,3.2,0
10310897482,2023-01-15 06:26:08,virtual_ride,2815.94,19529.35,318,,,77,,,
10311182246,2023-01-15 08:10:35,strength_training,3148.41,0,418,118,147,0,29.35,2.1,0
10315961499,2023-01-15 20:08:26,breathwork,938,0,0,67,92,0,0.2,0,0
10317517634,2023-01-16 05:20:41,treadmill_running,1560.43,2998.33,124,92,100,0,3.39,0.3,0
10317633496,2023-01-16 06:06:22,strength_training,2138.7,0,312,123,162,0,46.1,2.1,1.7
10320899221,2023-01-16 17:41:25,virtual_ride,2781.88,19529.91,322,,,77,,,
10323747456,2023-01-17 04:13:40,treadmill_running,1572.6,4111.38,297,133,153,0,47.79,2.6,0
10328652568,2023-01-17 20:48:08,strength_training,403.33,0,34,92,112,0,1.64,0.1,0
10330554684,2023-01-18 04:36:07,treadmill_running,2474.48,4775,177,90,105,0,2.62,0.2,0
10333532161,2023-01-18 15:31:14,walking,3590.75,6048.4,362,108,132,65.15,9.22,0.8,0
10337358148,2023-01-19 06:17:12,strength_training,2762.65,0,436,130,165,0,55.85,2.4,1.2
10343340342,2023-01-20 04:28:16,treadmill_running,2088.49,5032.6,315,123,158,0,39.27,2.4,0
10343398100,2023-01-20 05:11:02,virtual_ride,1435.91,10006.23,169,,,51,,,
10349299562,2023-01-21 04:34:18,treadmill_running,5706.57,12039.62,607,111,158,0,54.32,2.7,0
10349381036,2023-01-21 06:34:04,virtual_ride,1344.75,9523.46,154,,,26,,,
10349641086,2023-01-21 07:03:20,virtual_ride,2888,19077.3,378,0,0,156,,,
10350708253,2023-01-21 11:36:14,breathwork,938,0,0,64,82,0,0.08,0,0
10351874331,2023-01-21 13:37:58,strength_training,3233.55,0,483,126,151,0,38.19,2.3,0
10356134979,2023-01-22 07:36:03,treadmill_running,1215.24,2282.84,249,140,160,0,45.01,2.4,0
10357437633,2023-01-22 11:13:35,strength_training,2824.43,0,452,130,154,0,52.27,2.5,0.2
10358009864,2023-01-22 12:55:44,treadmill_running,457.25,838.33,53,107,114,0,3.28,0.2,0
10359137086,2023-01-22 13:09:25,virtual_ride,2361,19506.83,312,0,0,59,,0,
10362571183,2023-01-23 04:18:57,treadmill_running,1537.27,4012.39,281,131,152,0,46,2.5,0
10362797036,2023-01-23 04:53:16,virtual_ride,1970,15046.59,245,125,148,41,,,
10368822359,2023-01-24 03:55:06,treadmill_running,1526.48,3009.17,120,93,100,0,2.87,0.2,0
10380680429,2023-01-24 04:33:19,virtual_ride,1359.78,11094.86,200,129,168,31,,,
10376087498,2023-01-25 07:18:28,treadmill_running,1292.14,2513.02,103,93,101,0,2.78,0.2,0
10380677753,2023-01-25 18:56:57,virtual_ride,817,5173.03,81,0,0,25,,,
10386032928,2023-01-26 19:03:39,treadmill_running,567.94,746.95,45,91,107,0,2.07,0.1,0
10388358014,2023-01-27 04:22:24,treadmill_running,1275.05,3008.28,170,116,142,0,17.54,1.6,0
10388435318,2023-01-27 04:52:36,virtual_ride,1687.04,12202.55,171,112,127,31,,,
10392677665,2023-01-27 20:23:36,virtual_ride,1768.13,13108.31,215,0,0,51,,,
10394266394,2023-01-28 05:28:19,treadmill_running,1252.67,2395.7,119,102,152,0,7.43,0.7,0
10394561449,2023-01-28 05:58:36,virtual_ride,6675.08,31144.31,865,144,182,609,,,
10396218154,2023-01-28 12:43:05,breathwork,938,0,0,87,110,0,1.07,0.1,0
10397945174,2023-01-28 15:55:31,strength_training,3436.98,0,430,120,147,0,27.04,2.1,0
10399165415,2023-01-28 19:28:59,virtual_ride,1962,15406.46,242,120,145,40,,,
10401045693,2023-01-29 06:29:34,treadmill_running,2182.54,4169.52,144,85,98,0,2.32,0.2,0
10401480089,2023-01-29 08:18:39,strength_training,4723.09,0,552,118,154,0,25.68,2.1,0
10407687365,2023-01-30 04:36:34,treadmill_running,1526.19,4004.87,282,134,151,0,50.32,2.6,0
10407734464,2023-01-30 05:11:35,strength_training,1228.76,0,127,103,139,0,7.84,0.7,0
10414000237,2023-01-31 04:23:50,treadmill_running,1730.46,4100.83,224,114,144,0,22.31,2,0
10420852874,2023-02-01 04:45:57,treadmill_running,1264.89,3014.57,167,115,137,0,14.72,1.3,0
10427326438,2023-02-02 04:08:54,treadmill_running,1316.81,3511.92,228,129,147,0,35.02,2.3,0
10427415685,2023-02-02 04:39:25,virtual_ride,1951.58,15016.95,224,119,129,38,,,
10431674448,2023-02-02 19:14:24,virtual_ride,2495.65,19922.39,309,123,149,32,,,
10433712493,2023-02-03 04:29:48,treadmill_running,1544.44,3019.29,121,93,106,0,3.25,0.3,0
10438125586,2023-02-03 21:04:41,treadmill_running,1460.89,3522.76,231,125,162,0,38.25,2.4,0
10439784940,2023-02-04 06:58:54,virtual_ride,1834,13174.71,222,120,139,48,,,
10441172957,2023-02-04 11:03:03,strength_training,3611.72,0,552,132,156,0,55.75,2.7,0.3
10443317674,2023-02-04 16:21:36,treadmill_running,1608.67,4006.08,266,130,160,0,47.57,2.5,0.3
10446339778,2023-02-04 18:38:45,virtual_ride,2294,13899.71,341,138,199,100,,,
10446337554,2023-02-05 04:21:57,treadmill_running,6471.81,15049.39,889,130,168,0,105.12,3,2.3
10446435786,2023-02-05 06:30:36,virtual_ride,1353,10989.49,200,139,162,61,,,
10446435998,2023-02-05 06:54:13,virtual_ride,747,6297.02,109,139,160,28,,,
10446887598,2023-02-05 08:07:29,strength_training,5439.17,0,639,122,155,0,42.66,2.4,0.2
10453295362,2023-02-06 04:53:06,treadmill_running,128.69,194.57,19,177,239,0,2.23,0.2,0
10453335895,2023-02-06 04:55:52,treadmill_running,1398.5,3004.53,141,104,139,0,12.49,1.1,0
10457591973,2023-02-06 05:24:01,virtual_ride,775,6121.06,96,118,130,12,,,
10453507183,2023-02-06 06:15:22,strength_training,1893.08,0,263,119,153,0,25.99,2,0
10457590551,2023-02-06 17:34:45,virtual_ride,990,7717.98,125,125,149,37,,,
10457591345,2023-02-06 17:52:31,virtual_ride,1704.93,14119.15,230,139,157,33,,,
10459873866,2023-02-07 04:43:27,treadmill_running,1202.36,3089.13,199,127,141,0,25.81,2,0
10460387921,2023-02-07 05:32:25,virtual_ride,817,7095.76,125,133,162,12,,,
10464871136,2023-02-07 19:52:43,virtual_ride,1492,11210.05,169,135,150,31,,,
10470717728,2023-02-08 17:36:35,treadmill_running,2335.82,4503.01,210,102,117,0,7.49,0.6,0
10477905820,2023-02-09 19:16:48,treadmill_running,1206.46,2459.45,121,105,126,0,7.04,0.6,0
10478326869,2023-02-09 19:46:45,virtual_ride,2055.01,15014.91,201,0,0,38,,,
10480072233,2023-02-10 04:14:53,treadmill_running,1534.71,3006.18,132,99,111,0,4.63,0.4,0
10487690102,2023-02-11 04:50:25,hiking,16641.24,10741.82,1558,115,164,568.48,99.14,3.4,0
10493396041,2023-02-12 05:48:39,virtual_ride,8049.66,42493.01,680,116,141,334,,,
10499494686,2023-02-12 23:23:42,treadmill_running,1736.95,3367.03,192,111,130,0,13.21,1.2,0
10500052751,2023-02-13 04:33:23,treadmill_running,1823.61,3503.74,143,94,116,0,3.27,0.3,0
10504754718,2023-02-13 20:35:25,treadmill_running,953.19,1826.1,70,91,101,0,2.41,0.2,0
10511246713,2023-02-14 19:27:07,treadmill_running,1591.43,3038.43,112,90,99,0,2.42,0.2,0
10512018392,2023-02-14 20:09:27,virtual_ride,1807,13034.53,212,0,0,48,,,
10517323090,2023-02-15 17:57:41,treadmill_running,1444.72,3011.01,191,115,141,0,16.53,1.6,0
10517956103,2023-02-15 18:25:44,virtual_ride,2419,20129.53,336,0,0,32,,,
10520217191,2023-02-16 04:34:03,treadmill_running,1538.24,3009.43,107,89,97,0,2.28,0.2,0
10520288091,2023-02-16 05:05:16,virtual_ride,1837,14097.42,202,116,137,21,,,
10526639385,2023-02-17 04:29:44,treadmill_running,1524.86,3008.31,103,89,101,0,2.41,0.2,0
10526954189,2023-02-17 06:10:36,strength_training,4492.11,0,537,121,148,0,29.89,2.2,0
10532700820,2023-02-17 16:11:51,virtual_ride,1148.44,8089.34,111,128,217,12,,,
10532542237,2023-02-18 05:31:55,treadmill_running,2503.24,5035.36,182,93,123,0,3.9,0.3,0
10532701027,2023-02-18 06:17:00,virtual_ride,4259,28205.94,427,118,239,102,,,
10539433022,2023-02-19 07:03:02,walking,4015.48,5136.63,351,88,104,31.88,10.77,1.2,0
10539877162,2023-02-19 08:42:12,virtual_ride,4508.2,30038.9,416,125,239,102,,,
10546159076,2023-02-20 04:36:28,treadmill_running,1252.01,3008.2,152,108,133,0,14.17,1.6,0
10546204366,2023-02-20 05:00:36,virtual_ride,1255,10545.22,186,129,155,28,,,
10552984449,2023-02-21 05:55:47,walking,3465.22,4550.83,326,97,115,70.87,9.77,1.1,0
10559786227,2023-02-22 04:45:46,treadmill_running,1688.19,3568.63,259,121,139,0,24.99,2.2,0
10566328769,2023-02-23 04:01:23,virtual_ride,850,6268.3,86,141,239,12,,,
10566325995,2023-02-23 04:18:51,hiit,493.61,0,78,121,147,0,9.59,1.1,0
10570800827,2023-02-23 19:09:48,virtual_ride,2767.18,21149.08,301,121,149,32,,,
10572837457,2023-02-24 04:30:11,virtual_ride,2669.53,20068.24,279,119,239,32,,,
10572830251,2023-02-24 05:17:18,treadmill_running,922.33,2018.18,165,138,180,0,49.24,2.5,1.5
10572863660,2023-02-24 05:43:28,hiit,507.27,0,86,126,145,0,12.55,1.2,0
10576735712,2023-02-24 19:12:01,treadmill_running,1455.6,2821.14,152,107,121,0,7.21,0.7,0
10578649825,2023-02-25 04:47:05,treadmill_running,2304.09,5026.42,233,105,136,0,11.59,1.3,0
10578745301,2023-02-25 05:32:40,virtual_ride,2656,21210.16,328,121,239,32,,,
10578785529,2023-02-25 06:34:43,hiit,478.83,0,78,124,145,0,10.6,1.2,0
10578801294,2023-02-25 06:44:30,hiit,415.69,0,87,148,178,0,25.06,2.1,0
10582847054,2023-02-25 17:36:09,strength_training,1376.56,0,153,107,135,0,7.6,0.7,0
10585418618,2023-02-26 06:32:48,virtual_ride,3234.9,24540.65,338,136,240,38,,,
10585451708,2023-02-26 07:36:50,hiit,476.97,0,82,127,153,0,15.38,1.5,0
10585716942,2023-02-26 08:07:55,strength_training,3569.95,0,535,130,158,0,54.01,2.8,0.1
10588042196,2023-02-26 13:43:55,treadmill_running,1650.84,3008.84,148,99,112,0,5.82,0.5,0
10590748082,2023-02-26 20:43:02,breathwork,938,0,0,67,88,0,0.08,0,0
10592036531,2023-02-27 04:22:34,treadmill_running,1347.65,3533.25,216,125,155,0,27.99,2.2,0
10592054717,2023-02-27 04:48:12,hiit,478.21,0,72,119,141,0,8.02,0.8,0
10592240193,2023-02-27 06:06:04,strength_training,1838.51,0,309,129,163,0,48.68,2.5,0.5
10598445900,2023-02-28 04:47:31,treadmill_running,2101.44,4010.3,170,95,111,0,4.56,0.4,0
10598472076,2023-02-28 05:37:57,hiit,475.98,0,86,130,150,0,15.18,1.5,0
10603217658,2023-02-28 19:28:46,strength_training,3148.64,0,435,122,149,0,29.4,2.2,0
10605229585,2023-03-01 04:18:57,treadmill_running,1207.02,3041.16,181,121,143,0,21.33,2,0
10605255741,2023-03-01 04:44:31,hiit,480.61,0,91,133,156,0,18.03,1.7,0
10611824488,2023-03-01 09:49:17,walking,14366.09,3552.32,870,84,121,71.07,7.15,0.7,0
10611824537,2023-03-02 03:12:21,treadmill_running,1538.88,4009.92,232,123,158,0,28.02,2.2,0
10611934921,2023-03-02 03:43:40,virtual_ride,1893,15195.24,227,118,133,26,,,
10611918040,2023-03-02 04:19:46,hiit,397.76,0,78,139,170,0,16.37,1.6,0
10611955811,2023-03-02 04:29:00,strength_training,1062.31,0,29,235,240,0,0,0,0
10618535466,2023-03-03 04:45:38,treadmill_running,1364.46,3686.84,266,140,166,0,57.71,2.9,0
10618567197,2023-03-03 05:18:45,hiit,478.36,0,87,133,166,0,19.22,1.9,0
10622887951,2023-03-03 20:07:00,strength_training,1153.42,0,119,104,136,0,8.05,0.7,0
10624541262,2023-03-04 04:21:30,treadmill_running,2662.84,7006.17,477,136,176,0,117.62,3.4,2
10624922178,2023-03-04 05:14:51,virtual_ride,5243,40152.82,636,127,236,136,,,
10624749742,2023-03-04 06:48:27,hiit,484.03,0,79,126,155,0,11.31,1,0
10627890824,2023-03-04 14:53:52,strength_training,2928.87,0,369,120,145,0,23.21,2,0
10631612221,2023-03-05 06:19:41,treadmill_running,2369.75,5023.34,249,106,135,0,17.72,1.7,0
10633861471,2023-03-05 07:06:28,virtual_ride,2469,20117.36,311,124,238,32,,,
10632018382,2023-03-05 08:11:36,strength_training,3980.15,0,412,110,143,0,14.99,1.5,0
10632551625,2023-03-05 10:40:57,hiit,406.12,0,90,146,164,0,25.03,2.1,0
10638586552,2023-03-06 03:49:16,treadmill_running,1769.31,4055.1,274,123,184,0,68.55,2.7,2
10638700152,2023-03-06 04:24:23,virtual_ride,1609,13038.97,200,0,0,20,,0,
10638655461,2023-03-06 04:55:38,hiit,487.89,0,56,106,125,0,3.58,0.3,0
10645120289,2023-03-07 04:44:28,treadmill_running,1861.74,4010.28,213,110,155,0,16.8,1.6,0
10645145595,2023-03-07 05:20:42,hiit,493.37,0,61,110,134,0,5.27,0.5,0
10649465006,2023-03-07 19:21:03,treadmill_running,514.52,1007.98,42,93,114,0,1.82,0.1,0
10651950124,2023-03-08 04:28:55,treadmill_running,1908.34,5139.76,298,126,171,0,56.06,2.7,0.5
10651977726,2023-03-08 05:08:54,hiit,370,0,22,79,110,0,0.98,0,0
10652170164,2023-03-08 06:12:07,strength_training,1913.69,0,319,129,158,0,35,2.3,0
10655932822,2023-03-08 18:38:55,strength_training,1490.74,0,195,115,152,0,16.01,1.5,0
10658365154,2023-03-09 04:43:30,treadmill_running,209.53,373.2,19,93,101,0,1,0,0
10658403427,2023-03-09 04:53:16,treadmill_running,808.89,2441.74,186,155,170,0,66.79,2.7,1.2
10658421515,2023-03-09 05:10:23,hiit,396.29,0,65,124,136,0,9.33,0.8,0
10658441104,2023-03-09 05:17:41,strength_training,616.93,0,97,122,139,0,11.34,1,0
10663052649,2023-03-09 20:47:34,strength_training,1196.33,0,131,106,135,0,7.83,0.7,0
10663187769,2023-03-09 21:12:31,strength_training,1026.12,0,139,116,148,0,13.02,1.2,0
10664628958,2023-03-10 04:47:42,treadmill_running,1344.82,3010.23,144,105,126,0,8.79,0.8,0
10664908504,2023-03-10 06:30:33,strength_training,2897.48,0,398,123,153,0,32.17,2.2,0.1
10670323200,2023-03-10 20:55:24,virtual_ride,3273.64,20068.06,251,131,240,32,,,
10670874253,2023-03-11 05:29:53,treadmill_running,6218.56,15032.69,710,119,166,0,49.17,2.6,0
10670874363,2023-03-11 07:43:24,indoor_cardio,491.5,0,82,125,145,0,13.15,1.2,0
10673420736,2023-03-11 14:06:56,strength_training,3736.97,0,422,116,151,0,21.33,2,0
10676990099,2023-03-12 04:26:29,treadmill_running,1814.76,3502.34,153,96,120,0,5.66,0.5,0
10677184480,2023-03-12 05:09:54,virtual_ride,5600.06,40058.7,547,61,239,61,,,
10677603357,2023-03-12 08:13:10,strength_training,3710.27,0,494,122,155,0,34.51,2.2,0.1
10680699393,2023-03-12 14:29:45,walking,3618.49,1795.12,269,93,112,39.58,3.51,0.3,0
10682683551,2023-03-12 19:31:36,strength_training,2261.4,0,237,106,154,0,11.69,1,0
10686682268,2023-03-13 05:04:33,virtual_ride,2734,20202.16,273,0,0,32,,,
10684454427,2023-03-13 06:08:59,strength_training,3619.14,0,415,116,143,0,19.31,1.7,0
10688334163,2023-03-13 19:11:11,treadmill_running,1890.44,5354.82,377,140,177,0,98.7,3.3,0.3
10695817424,2023-03-14 21:37:50,treadmill_running,868.07,1692.08,56,85,94,0,1.72,0.1,0
10696132980,2023-03-14 22:37:01,treadmill_running,1240.34,1723.72,67,81,94,0,1.51,0.1,0
10697452701,2023-03-15 05:43:55,virtual_ride,2094,15188.4,197,0,0,26,,,
10702586853,2023-03-15 21:16:57,strength_training,2164.58,0,209,103,140,0,7.51,0.6,0
10704014332,2023-03-16 04:53:31,strength_training,1890.99,0,231,114,149,0,14.75,1.3,0
10709132856,2023-03-16 05:33:34,virtual_ride,2056,16199.81,244,0,0,26,,,
10709085296,2023-03-16 21:06:02,treadmill_running,1202,3620.23,239,142,161,0,61.09,2.8,0.1
10710693904,2023-03-17 04:23:59,virtual_ride,2238,17082.49,238,0,0,26,,,
10710622275,2023-03-17 05:07:12,treadmill_running,1598.06,5021.74,349,150,165,0,86.04,3.2,0
10714568903,2023-03-17 18:36:50,strength_training,1540.2,0,132,97,125,0,4.32,0.3,0
10716567332,2023-03-18 04:16:22,treadmill_running,1900.85,4050.11,157,93,123,0,6.81,0.6,0
10716607922,2023-03-18 04:53:26,treadmill_running,1445.05,5026.91,345,162,180,0,115.14,3.5,0
10717015986,2023-03-18 05:38:45,virtual_ride,2561,21144.94,329,0,0,32,,,
10720252649,2023-03-18 14:36:48,mountain_biking,5193.48,25535.69,491,106,135,207.16,22.36,1.9,0
10721111612,2023-03-18 17:25:26,strength_training,1929.88,0,236,114,131,0,12.5,1.1,0
10723672832,2023-03-19 05:55:20,treadmill_running,2519.95,5027.84,163,87,94,0,2.27,0.2,0
10723720871,2023-03-19 06:51:24,hiit,517.13,0,75,117,138,0,8.77,0.7,0
10726783176,2023-03-19 13:11:53,strength_training,4531.02,0,543,119,149,0,29.09,2.1,0
10728152874,2023-03-19 16:19:02,walking,3751.9,3589.15,278,97,120,47.79,3.3,0.2,0
10730677494,2023-03-20 04:21:47,treadmill_running,1454.83,3007.42,113,93,121,0,3.35,0.3,0
10730750115,2023-03-20 04:50:37,virtual_ride,1375,10064.31,133,0,0,16,,,
10730744197,2023-03-20 05:19:26,hiit,490.49,0,104,144,161,0,27.74,2,0.1
10737368842,2023-03-21 04:38:05,virtual_ride,2676,20088.19,274,0,0,32,,,
10737337855,2023-03-21 05:29:43,hiit,868.01,0,88,112,137,0,6.67,0.5,0
10741092394,2023-03-21 17:12:48,strength_training,2568.02,0,339,120,144,0,23.4,1.9,0
10748757314,2023-03-22 05:11:17,virtual_ride,2052,14616.3,188,0,0,23,,,
10744487877,2023-03-22 05:50:08,hiit,478.87,0,84,130,162,0,14.63,1.2,0
10744680948,2023-03-22 06:13:37,strength_training,3032.4,0,587,142,173,0,113.2,3.1,2
10751366624,2023-03-23 04:59:02,treadmill_running,972.48,1906.69,77,93,102,0,2.98,0.2,0
10751395072,2023-03-23 05:26:37,hiit,538.16,0,78,118,146,0,9.75,0.7,0
10756602302,2023-03-23 21:30:28,strength_training,2248.58,0,179,95,150,0,7.39,0.6,0
10763936390,2023-03-24 18:16:50,virtual_ride,2626,20091.33,285,0,0,32,,,
10762151022,2023-03-24 19:45:24,treadmill_running,1945.89,5509.94,354,137,158,0,68,2.9,0
10764120969,2023-03-25 06:45:54,virtual_ride,2815.31,22417.78,359,0,0,32,,,
10764834550,2023-03-25 08:14:35,strength_training,4521.38,0,506,116,142,0,21.26,1.7,0
10769296418,2023-03-25 21:49:54,treadmill_running,811,1590.75,50,84,107,0,1.51,0.1,0
10770448917,2023-03-26 04:52:27,virtual_ride,4351,30410.59,407,147,240,46,,,
10770486085,2023-03-26 06:48:22,hiit,743.57,0,75,107,127,0,5.4,0.4,0
10770905306,2023-03-26 08:05:27,strength_training,4656.79,0,597,122,155,0,40.82,2.2,0.2
10775782022,2023-03-26 19:22:30,treadmill_running,2529.11,7757.24,497,143,157,0,82.36,3,0.1
10777519109,2023-03-27 04:48:34,hiit,485.24,0,92,140,179,0,36.81,2,0.9
10777677561,2023-03-27 05:21:46,treadmill_running,3415.49,10049.75,831,165,190,0,379.93,5,3.1
10781948210,2023-03-27 19:42:38,walking,1929.72,2167.71,160,86,113,24.55,4.11,0.3,0
10782982822,2023-03-27 22:51:45,walking,1945.97,2649.8,196,111,132,31.65,9.04,0.7,0
10784380321,2023-03-28 07:06:23,hiit,402.92,0,42,103,119,0,2.57,0.2,0
10788444439,2023-03-28 18:52:18,strength_training,2226.33,0,305,120,148,0,23.35,1.8,0
10788924703,2023-03-28 19:54:21,virtual_ride,1362,10064.72,134,0,0,16,,,
10791005552,2023-03-29 04:23:58,hiit,528.19,0,81,121,150,0,12.4,0.9,0
10791135847,2023-03-29 04:41:21,treadmill_running,3395.14,10564.67,776,157,176,0,195.37,4.2,0.1
10795069832,2023-03-29 18:26:39,virtual_ride,1404,10052.02,129,0,0,16,,,
10797966305,2023-03-30 05:42:25,hiit,446.16,0,53,109,127,0,4.38,0.3,0
10798216947,2023-03-30 06:26:36,strength_training,3655.48,0,552,134,172,0,74.05,2.8,0.2
10802908623,2023-03-30 21:37:00,breathwork,938,0,0,61,86,0,0.01,0,0
10804301263,2023-03-31 04:41:47,hiit,486.38,0,74,121,135,0,8.52,0.6,0
10804436060,2023-03-31 04:56:18,treadmill_running,3910.72,11601.21,838,151,163,0,150.12,3.7,0
10809996179,2023-03-31 18:53:05,hiking,35984.14,44048.4,2845,104,139,466.89,14.72,1.1,0
10817247432,2023-04-02 08:16:26,strength_training,5234.79,0,622,119,155,0,34.18,2.1,0.2
10819939132,2023-04-02 14:27:15,virtual_ride,2743.34,20011.74,275,113,127,32,,,
10824116691,2023-04-03 06:34:56,strength_training,2265.95,0,297,118,143,0,19.48,1.5,0
10830519049,2023-04-03 19:25:40,virtual_ride,2839.7,20064.2,258,103,114,32,,,
10830559991,2023-04-04 04:31:06,hiit,482.54,0,66,115,130,0,6.22,0.4,0
10830728375,2023-04-04 04:43:48,treadmill_running,4487.48,13948.61,962,152,171,0,167.66,3.9,0
10842300662,2023-04-05 04:24:20,virtual_ride,1680.56,10061.92,110,94,110,16,,,
10837868067,2023-04-05 04:58:32,hiit,457.44,0,70,122,143,0,9.31,0.7,0
10843347237,2023-04-05 21:52:28,treadmill_running,2200.68,4206.38,133,85,99,0,2.11,0.1,0
10844803644,2023-04-06 06:07:59,strength_training,2994.28,0,343,114,137,0,17.94,1.4,0
10851051709,2023-04-07 04:44:49,treadmill_running,5325.09,16008.55,1083,149,166,0,152.04,3.7,0
10857562213,2023-04-08 03:27:38,virtual_ride,6790.02,45133.44,587,94,112,67,,,
10857700798,2023-04-08 06:15:07,treadmill_running,2397.67,5008.56,207,98,122,0,7.62,0.6,0
10858429621,2023-04-08 08:37:52,strength_training,5590.11,0,616,118,157,0,34.01,2.1,0.2
10867867876,2023-04-09 14:50:03,walking,3083.08,1493.46,215,89,112,18.9,2.98,0.2,0
10871504103,2023-04-10 06:16:20,treadmill_running,2124.28,4149.35,157,92,105,0,2.67,0.2,0
10871576574,2023-04-10 07:18:53,hiit,474.22,0,74,122,144,0,11.79,0.9,0
10875278067,2023-04-10 15:08:37,walking,5034.17,3012.25,312,84,119,32.15,3.98,0.3,0
10878843403,2023-04-11 05:19:08,treadmill_running,1236.89,2462.34,87,89,100,0,2.26,0.1,0
10879029935,2023-04-11 06:12:28,strength_training,2674.15,0,296,110,132,0,14.08,1.1,0
10886328742,2023-04-12 04:26:53,hiit,891,0,87,100,145,0,6.75,0.5,0
10886593110,2023-04-12 04:42:04,treadmill_running,6850.35,19175.13,1366,150,193,0,236.84,4.1,2.4
10893300167,2023-04-13 05:06:16,hiit,398.3,0,47,108,122,0,3.37,0.2,0
10898745235,2023-04-13 22:15:00,strength_training,2152.05,0,251,113,134,0,12.66,1,0
10900031923,2023-04-14 05:26:36,hiit,511.95,0,66,112,135,0,5.81,0.4,0
10903951938,2023-04-14 17:50:24,running,5087.63,13086.95,1191,180,201,112.32,415.71,5,3.4
10906350242,2023-04-15 05:25:01,virtual_ride,5890.56,40060.59,548,108,161,118,,,
10906296849,2023-04-15 07:24:46,hiit,473.77,0,85,134,145,0,14.72,1.1,0
10914840247,2023-04-16 10:17:14,running,6870.19,21279.63,1621,168,178,66.13,372.29,5,0.4
10920644707,2023-04-17 06:58:55,hiit,452,0,61,115,142,0,6.23,0.4,0
10927408905,2023-04-18 05:47:24,walking,2861.33,3470.09,258,101,116,46.14,8.23,0.6,0
10932185731,2023-04-18 19:14:17,walking,2949.73,356.23,97,69,100,10.24,1.14,0,0
10934648956,2023-04-19 04:25:41,virtual_ride,2945.2,20584.74,260,102,136,32,,,
10934710224,2023-04-19 05:46:00,hiit,496.46,0,68,115,134,0,6.65,0.5,0
10941823504,2023-04-20 04:31:13,virtual_ride,2672,21085.81,309,108,127,32,,,
10941891276,2023-04-20 05:45:00,hiit,489.93,0,69,117,140,0,6.9,0.5,0
10946391861,2023-04-20 18:56:47,walking,4015.27,495.07,187,79,95,1.03,1.55,0.1,0
10947168250,2023-04-20 21:44:54,treadmill_running,1073.08,1607.89,82,92,105,0,2.31,0.1,0
10952914667,2023-04-21 19:32:16,hiit,471.61,0,58,112,132,0,4.6,0.3,0
10953101234,2023-04-21 19:51:00,strength_training,785.85,0,102,115,150,0,10.44,0.8,0
10954846292,2023-04-22 02:39:03,hiking,5058.06,3886.99,672,133,176,566.83,82.56,3,0
10957506078,2023-04-22 06:24:27,hiking,9310.29,7846.1,845,109,160,357.5,38.95,2.2,0
10959414739,2023-04-22 16:24:26,walking,4684.15,730.05,200,76,95,20.1,1.67,0.1,0
10963049211,2023-04-23 08:11:45,strength_training,4982.7,0,565,118,148,0,26.91,2,0
10967222371,2023-04-23 13:19:00,cycling,2437.42,5539.03,193,94,115,28.18,4.55,0.3,0
10967222566,2023-04-23 15:34:37,cycling,2760.78,6369.93,209,92,117,54.19,3.92,0.3,0
10969984543,2023-04-24 05:00:11,virtual_ride,2731,20067.23,273,97,141,32,,,
10969894048,2023-04-24 06:06:12,strength_training,2415.89,0,290,116,140,0,15.3,1.2,0
10974637686,2023-04-24 20:43:42,virtual_ride,2182,15144.29,186,103,120,26,,,
10974852839,2023-04-24 21:45:32,treadmill_running,1452.94,5068.67,329,156,174,0,94.26,3.1,0
10976713228,2023-04-25 06:11:02,strength_training,4281.32,0,562,124,154,0,35.09,2.1,0
10988140753,2023-04-26 19:08:41,cycling,2387.67,6431.9,236,106,132,48.04,9.29,0.7,0
10997658626,2023-04-28 06:06:27,strength_training,1639.35,0,172,108,140,0,7.79,0.6,0
11001014172,2023-04-28 17:54:36,walking,565.24,731.54,70,107,121,5.6,4.88,0.4,0
11002683791,2023-04-28 23:30:33,walking,721.18,1032.89,80,89,100,6.31,4.8,0.4,0
11004251069,2023-04-29 08:48:05,hiit,487.62,0,64,113,135,0,6.25,0.5,0
11005440247,2023-04-29 10:51:48,strength_training,4450.69,0,605,126,160,0,39.82,2.3,0.1
11006640838,2023-04-29 13:19:11,cycling,3393.32,8193.62,281,99,119,91.29,7.52,0.6,0
11007949085,2023-04-29 16:52:16,virtual_ride,2777.54,20089.76,307,117,152,32,,,
11008829856,2023-04-29 18:25:11,cycling,2757.12,6926.29,286,107,142,61.35,14.92,1.2,0
11016620542,2023-04-29 20:52:21,virtual_ride,1704,13083.95,186,108,123,20,,,
11010912358,2023-04-30 06:20:45,walking,3629.27,5120.37,343,87,101,23.38,9.83,0.8,0
11011456405,2023-04-30 08:16:31,strength_training,5455.33,0,614,118,155,0,29.69,2,0.1
11018257266,2023-05-01 06:06:38,treadmill_running,1986.88,6146.14,461,163,199,0,214.13,4.3,1.6
11019008233,2023-05-01 08:26:57,strength_training,5557.59,0,652,122,161,0,40.02,2.3,0
11021522534,2023-05-01 13:17:42,cycling,2693.57,8449.02,261,101,125,75.45,8.22,0.6,0
11021688990,2023-05-01 15:28:27,cycling,639.08,2739.94,84,112,126,24.68,7.85,0.6,0
11025703999,2023-05-02 04:37:53,hiit,439.49,0,83,134,147,0,15.86,1.2,0
11025825405,2023-05-02 05:01:04,treadmill_running,2588.65,8000,598,157,177,0,157.14,3.8,0.4
11030364046,2023-05-02 17:49:49,cycling,3087.05,8410.07,231,92,121,66,6.33,0.5,0
11031474141,2023-05-02 20:22:50,virtual_ride,2721.65,17114.82,311,106,134,180,,,
11033022001,2023-05-03 04:42:35,hiit,1025.65,0,160,124,162,0,22.31,1.7,0
11033246446,2023-05-03 05:08:24,virtual_ride,1639.12,10120.14,166,113,135,117,,,
11033248965,2023-05-03 05:36:57,virtual_ride,1446,10059.63,133,106,121,16,,,
11037774416,2023-05-03 17:03:23,cycling,2830.1,7694.81,234,100,127,65.28,19.58,1.5,0
11040626969,2023-05-04 04:16:54,treadmill_running,1534.18,3412.09,201,116,142,0,21.08,1.6,0
11040699865,2023-05-04 04:55:23,hiit,456.26,0,79,129,150,0,11.94,0.9,0
11045686966,2023-05-04 18:49:52,walking,4320.81,540.89,207,80,122,1.21,2.67,0.2,0
11054672171,2023-05-06 05:31:26,hiit,491.39,0,50,102,130,0,3.72,0.3,0
11054816100,2023-05-06 05:49:11,treadmill_running,3885.66,11577.06,808,149,179,0,168.12,4,0
11057192379,2023-05-06 12:26:59,strength_training,5068.09,0,654,127,162,0,46.87,2.4,0
11062085417,2023-05-07 05:48:49,virtual_ride,5887.32,43171.61,715,113,147,356,,,
11062093812,2023-05-07 07:28:38,virtual_ride,972,7442.25,144,128,143,80,,,
11062825976,2023-05-07 10:37:05,hiit,472.48,0,54,108,125,0,3.84,0.3,0
11063799647,2023-05-07 10:49:54,strength_training,6113.15,0,782,128,176,0,52.99,2.4,0.5
11064374843,2023-05-07 12:43:24,treadmill_running,2891.15,8243.53,582,147,170,0,93.92,3.1,0.4
11069252057,2023-05-08 04:44:36,hiit,399.55,0,36,98,118,0,2.04,0.1,0
11069592772,2023-05-08 05:03:23,virtual_ride,1222,10077.65,161,117,150,16,,,
11074047447,2023-05-08 19:42:42,treadmill_running,442.96,1189.77,53,108,124,0,4.3,0.3,0
11074265271,2023-05-08 20:09:04,cycling,517.36,583.14,31,82,99,7.29,1.17,0,0
11074460319,2023-05-08 20:33:51,cycling,607.2,1161.89,38,82,92,0,1.38,0.1,0
11076319574,2023-05-09 04:10:28,hiit,603.23,0,88,120,138,0,9.57,0.7,0
11083871943,2023-05-10 05:25:05,hiit,483.96,0,70,119,135,0,6.74,0.5,0
11089932896,2023-05-10 23:06:31,treadmill_running,2066.39,3007.84,146,91,102,0,2.59,0.2,0
11100292949,2023-05-12 13:19:36,running,3804.45,10135.24,849,161,194,72.39,161.84,3.9,0
11102533400,2023-05-12 19:15:50,walking,4647.69,4016.34,419,107,147,24.55,13.61,1.1,0
11104812633,2023-05-13 08:19:31,walking,801.99,270.34,46,82,99,3.17,1.39,0.1,0
11108824771,2023-05-13 17:40:32,walking,846,518.88,56,85,102,3.14,1.68,0.1,0
11110117261,2023-05-13 20:25:33,walking,3077.5,3272.7,237,95,113,7.43,4.58,0.3,0
11111910225,2023-05-14 07:47:13,walking,1344.07,1970.96,137,89,98,15.44,6.15,0.5,0
11112409577,2023-05-14 08:41:28,strength_training,4940.63,0,464,109,133,0,11.9,1,0
11112613262,2023-05-14 10:13:51,walking,1277.42,1849.45,128,96,111,14.22,6.2,0.5,0
11113616866,2023-05-14 12:24:23,walking,354.91,449.73,37,102,132,2.17,3.42,0.3,0
11114153993,2023-05-14 13:19:41,walking,697.18,455.44,46,85,104,6.07,1.59,0.1,0
11116885961,2023-05-14 17:23:29,walking,7757.33,3065.49,352,77,119,9.89,2.05,0.1,0
11117345228,2023-05-14 20:17:31,running,2042,7012.86,545,152,170,21.63,240.28,4.9,0
11119237455,2023-05-15 07:08:43,strength_training,3952.44,0,494,122,151,0,30.94,2.1,0
11120190605,2023-05-15 10:51:24,walking,4433.47,3365.69,280,85,108,21.68,2.73,0.2,0
11129083178,2023-05-15 21:16:24,virtual_ride,1853.92,10023.71,208,107,123,105,,,
11129083184,2023-05-15 21:47:52,virtual_ride,2358.76,15238.41,222,106,118,26,,,
11129083194,2023-05-16 05:29:44,virtual_ride,1802.32,15089.89,250,115,147,26,,,
11125841392,2023-05-16 06:13:30,hiit,482.06,0,71,120,148,0,8.1,0.6,0
11129083220,2023-05-16 16:35:49,virtual_ride,920,7098.3,104,97,128,12,,,
11130965980,2023-05-16 18:33:00,running,4299.93,13291.03,1004,163,184,107.19,249.45,4.9,0
11137928493,2023-05-17 20:24:44,treadmill_running,1026.16,1587.67,129,114,127,0,7.56,0.6,0
11140252591,2023-05-18 06:16:11,strength_training,4773.04,0,531,116,140,0,20.88,1.7,0
11154230377,2023-05-19 19:33:48,virtual_ride,1368,10068.27,135,100,110,16,,,
11154230467,2023-05-20 04:36:48,virtual_ride,11069.72,80405.58,1159,105,149,121,,,
11158926463,2023-05-20 16:13:11,cycling,3055.55,6647,204,87,114,63.83,3.24,0.2,0
11165821461,2023-05-21 04:44:32,hiking,20552.51,11663,1111,83,124,563.34,4.8,0.4,0
11165838123,2023-05-21 12:27:20,hiking,11166.11,5328.61,747,91,142,367.03,6.97,0.5,0
11188023602,2023-05-24 18:00:57,strength_training,2673.8,0,311,114,139,0,13.56,1.1,0
11195510927,2023-05-25 18:36:23,running,2538.1,7352.91,573,145,164,57.17,124.84,3.5,0
11210871633,2023-05-26 18:00:05,hiking,97694.2,106360.96,8670,110,176,4787.64,123.65,3.5,0.4
11215216426,2023-05-28 10:10:44,walking,13628.61,1329.61,796,86,112,12.51,2.72,0.2,0
11219100382,2023-05-28 23:10:50,treadmill_running,1042.55,1545.78,103,103,118,0,4.38,0.3,0
11226462282,2023-05-29 22:17:33,treadmill_running,2444.31,3546.25,162,89,102,0,2.24,0.2,0
11241278418,2023-05-31 21:43:58,walking,1570.66,2218.94,165,98,115,14.58,7.11,0.6,0
11243040316,2023-06-01 06:10:52,strength_training,2028.68,0,297,125,148,0,23.2,2,0
11247432811,2023-06-01 18:40:29,running,2598.85,7190.07,579,158,178,64.46,118.4,3.5,0
11257985625,2023-06-03 09:14:11,strength_training,5704.17,0,821,132,164,0,66.06,2.8,0.4
11265346758,2023-06-04 08:17:24,strength_training,7562.7,0,921,126,154,0,46.59,2.5,0.1
11270059210,2023-06-04 15:25:04,walking,3735.02,1039.57,208,82,123,8.54,2.38,0.2,0
11277890910,2023-06-05 21:14:59,strength_training,3973.47,0,511,123,149,0,30.76,2.2,0
11277950539,2023-06-05 22:25:08,indoor_rowing,496.48,0,116,158,170,0,38.05,2.3,0
11279453628,2023-06-05 22:49:17,running,4207.95,10672.66,881,155,181,89.99,157.12,4,0
11295303117,2023-06-08 08:12:50,strength_training,3929.84,0,536,125,160,0,42.38,2.3,0.2
11314193499,2023-06-10 19:24:02,running,2052.61,6311.36,502,159,178,11.26,148.09,3.9,0
11317895816,2023-06-11 09:02:38,running,7341.39,21426.09,1776,174,188,62.92,342.65,5,0
11324215177,2023-06-12 06:11:41,strength_training,4766.67,0,604,122,151,0,28.18,2.1,0
11366695272,2023-06-17 22:11:35,running,6748.29,21397.21,1726,174,188,39.98,421.87,5,1.2
11375101148,2023-06-19 05:50:30,hiit,479.55,0,68,115,131,0,5.76,0.4,0
11380974337,2023-06-19 22:18:24,strength_training,1832.49,0,218,111,150,0,13.56,1.1,0
11381167063,2023-06-19 23:09:43,treadmill_running,1354,1965.16,108,93,106,0,2.63,0.2,0
11383404180,2023-06-20 09:56:20,hiit,687.14,0,85,111,143,0,7.57,0.6,0
11388672697,2023-06-20 23:25:42,treadmill_running,896.83,1334.78,79,97,102,0,3.06,0.2,0
11389759640,2023-06-21 04:57:36,hiit,486.16,0,79,123,137,0,9.36,0.7,0
11389813499,2023-06-21 05:19:05,treadmill_running,648.94,2013.35,129,138,154,0,27.11,2,0
11418614492,2023-06-25 08:23:28,strength_training,5541.77,0,641,118,149,0,27.55,2,0
11423474922,2023-06-25 19:37:23,treadmill_running,2712.47,6518.36,433,129,176,0,56.67,2.6,0.4
11425424032,2023-06-26 06:20:29,hiit,476.22,0,71,118,140,0,7.24,0.6,0
11432852604,2023-06-27 06:18:28,strength_training,4968.27,0,640,125,165,0,41.36,2.3,0.2
11451988052,2023-06-29 18:37:36,walking,4926.93,1235.03,237,78,101,14.32,2.08,0.1,0
11452642692,2023-06-29 20:34:42,treadmill_running,3058.95,4651.18,219,91,117,0,2.92,0.2,0
11462778630,2023-07-01 12:45:45,walking,2210.66,1864.66,170,95,113,21.74,2.94,0.2,0
11466043280,2023-07-01 20:58:08,treadmill_running,1572.14,3142.72,200,115,147,0,17.77,1.5,0
11467534142,2023-07-02 01:24:57,hiking,7814.75,4782.41,815,114,151,732.45,24.34,2,0
11467747629,2023-07-02 05:39:32,hiking,5981.98,4261.86,565,110,139,9.74,17.55,1.5,0
11469455745,2023-07-02 10:56:28,strength_training,4373.53,0,493,115,145,0,20.26,1.7,0
11471776079,2023-07-02 14:55:35,road_biking,5792.53,40399.76,1653,,,282,1.5,0.1,0
11477259738,2023-07-03 13:33:11,e_bike_mountain,1781.69,2348.43,131,90,110,30.33,3.02,0.2,0
11478737805,2023-07-03 14:19:05,e_bike_mountain,9287.62,31138.55,811,103,159,580.72,20.98,1.7,0.1
11479030747,2023-07-03 18:07:26,running,1980.41,5057.68,411,151,181,109.4,75.49,3.1,0
11510045795,2023-07-07 22:05:29,strength_training,3334.4,0,335,107,139,0,13.57,1.2,0
11522485168,2023-07-09 14:15:55,strength_training,6465.55,0,644,110,152,0,15.7,1.8,0
11523526474,2023-07-09 16:13:52,treadmill_running,1205.97,2183.03,153,117,159,0,18.58,2,0
11538424358,2023-07-11 18:37:13,cycling,4214.17,6534.78,362,97,144,48.05,12.02,1.3,0
11547196184,2023-07-12 21:57:35,strength_training,2912.26,0,280,103,138,0,9.6,1.1,0
11562742140,2023-07-15 06:47:05,running,2269.87,5205.13,463,139,170,27.94,84.37,3.4,0
11575055251,2023-07-16 18:49:31,strength_training,2869.22,0,296,106,132,0,10.21,1.1,0
11613081964,2023-07-21 23:37:50,treadmill_running,688.49,1016.84,68,100,106,0,2.85,0.3,0
11619420796,2023-07-22 18:40:00,strength_training,4051.27,0,627,130,156,0,45.2,2.7,0.2
11620215185,2023-07-22 21:16:18,treadmill_running,4308.75,7049.33,527,119,165,0,29.49,2.2,0.3
11626647424,2023-07-23 18:05:17,strength_training,3914.02,0,512,122,152,0,31.58,2.4,0
11634721735,2023-07-24 21:26:52,running,5323.29,5544.4,423,83,135,89.38,14.36,1.6,0
11637582952,2023-07-25 11:42:12,hiit,552.39,0,86,120,153,0,10.15,1.1,0
11637664531,2023-07-25 11:54:56,hiit,541.32,0,106,134,158,0,20.24,2,0
11639450538,2023-07-25 15:56:01,strength_training,1289.31,0,181,117,143,0,12.48,1.4,0
11641106174,2023-07-25 18:57:56,strength_training,3374.71,0,357,108,133,0,9.07,1,0
11641805552,2023-07-25 20:12:05,treadmill_running,4031.29,8008.1,533,125,169,0,51.98,2.9,0.3
11650157412,2023-07-26 18:57:03,running,11129.6,4739.4,515,75,113,40.17,2.13,0.2,0
11653822345,2023-07-27 12:14:05,running,8880.96,8683.82,669,90,138,192.27,8.26,0.8,0
11655169389,2023-07-27 16:24:03,running,7350.02,6035.64,373,78,120,62.74,2.75,0.2,0
11661505730,2023-07-28 11:30:32,running,10239.14,6648.61,577,81,114,47.26,3.28,0.3,0
11661691570,2023-07-28 15:07:26,running,7363.58,5873.77,588,95,152,96.25,11.15,1.1,0
11663727904,2023-07-28 22:33:20,running,2450.52,2521.22,210,90,105,36.36,4.28,0.4,0
11664189023,2023-07-29 00:45:47,running,2496.01,721.85,127,79,108,24.18,1.83,0.1,0
11666498922,2023-07-29 11:21:53,running,1211.73,770.82,90,96,111,2.03,2.43,0.2,0
11667964980,2023-07-29 14:35:05,running,1735.82,980.55,139,96,125,17.09,3.13,0.3,0
11677498959,2023-07-30 12:29:51,running,3756.2,1073.88,173,76,116,10.6,2.23,0.2,0
11679172167,2023-07-31 00:02:28,running,6107.38,6076.02,467,93,125,43.01,4.43,0.4,0
11685552280,2023-07-31 22:09:59,strength_training,2197.32,0,248,109,144,0,10.42,1,0
11687028564,2023-08-01 05:22:15,treadmill_running,2572.42,5217.21,412,129,170,0,68.66,3,0.1
11687077525,2023-08-01 06:13:52,hiit,483.79,0,67,113,135,0,6.54,0.6,0
11722401583,2023-08-05 23:15:44,treadmill_running,2093.36,3117.9,143,88,96,0,2.13,0.2,0
11727475077,2023-08-06 06:56:59,virtual_ride,6531.34,41038.76,700,109,136,332,,,
11724223690,2023-08-06 09:14:53,strength_training,2885.38,0,350,113,146,0,17.29,1.7,0
11727386288,2023-08-06 16:06:11,treadmill_running,2963.45,5001.52,297,105,145,0,11.82,1.1,0
11736459038,2023-08-07 21:23:07,strength_training,4776.59,0,538,115,147,0,20.17,2,0
11736666797,2023-08-07 23:03:13,treadmill_running,1825.28,3004.93,151,94,136,0,5.65,0.5,0
11743199517,2023-08-08 19:07:07,walking,3509.7,1388.64,183,78,112,11.36,2,0.2,0
11751281443,2023-08-09 20:32:12,hiit,488.55,0,82,123,153,0,11.47,1.1,0
11752066181,2023-08-09 22:42:19,hiit,401.19,0,61,118,141,0,6.21,0.6,0
11753736157,2023-08-10 06:12:57,strength_training,3803.76,0,610,129,160,0,44.5,2.5,0.1
11755979506,2023-08-10 12:54:49,walking,4396.5,1564.96,230,78,113,19.83,2.15,0.2,0
11757992056,2023-08-10 17:40:22,running,3602.23,9347.33,789,150,175,108.75,125.76,3.8,0.1
11759322041,2023-08-10 21:12:32,hiit,559.74,0,65,103,131,0,4.54,0.4,0
11772550099,2023-08-12 03:34:38,hiking,42302.2,20402.02,3513,101,133,1296.05,9.2,0.9,0
11778258907,2023-08-13 11:51:18,strength_training,4665.58,0,554,116,154,0,26.13,2.1,0.1
11804829954,2023-08-16 18:26:31,running,4314.32,5029.85,363,97,141,3.57,9.56,0.9,0
11807426713,2023-08-17 05:48:11,treadmill_running,2417.18,5005.28,351,122,164,0,30.78,2.2,0
11811982720,2023-08-17 18:31:19,walking,1914.17,1398.6,118,79,105,2.31,1.85,0.1,0
11813309365,2023-08-17 20:57:48,strength_training,3609.21,0,464,115,155,0,27.03,2.1,0
11823091749,2023-08-19 09:45:25,walking,2778.68,1510.52,178,84,101,14.4,2.03,0.2,0
11824314026,2023-08-19 11:41:42,strength_training,5250.69,0,567,112,136,0,16.57,1.6,0
11826359860,2023-08-19 16:50:15,walking,2322.75,757.79,154,86,99,3.89,2.08,0.2,0
11832099803,2023-08-20 11:26:01,strength_training,4509.7,0,559,119,159,0,28.48,2.2,0
11834397593,2023-08-20 15:20:26,virtual_ride,5138.3,37232.73,552,126,150,58,61.54,3.1,0
11833873067,2023-08-20 16:52:42,treadmill_running,610.9,1005.94,103,123,147,0,11.61,1.1,0
11834605408,2023-08-20 18:11:29,treadmill_running,1447.9,3293.25,286,137,177,0,53.53,2.8,0.1
11842431758,2023-08-21 18:00:12,virtual_ride,2427,20107.62,325,129,155,32,54.78,3,0.1
11845333262,2023-08-21 22:09:44,virtual_ride,2170,16134.78,242,116,156,26,33.76,2.2,0.8
11843415639,2023-08-21 22:48:32,treadmill_running,1845.72,3006.43,213,110,146,0,16.2,1.6,0
11844697867,2023-08-22 05:34:37,hiit,514.48,0,59,103,127,0,3.28,0.3,0
11850286787,2023-08-22 19:34:32,treadmill_running,2864.75,5006.21,294,103,155,0,13.78,1.3,0
11851483329,2023-08-22 21:42:30,virtual_ride,5885.56,34054.72,471,105,123,52,20.03,2,0
11853053760,2023-08-23 06:14:33,strength_training,3415.67,0,518,126,154,0,35.19,2.3,0
11877806650,2023-08-26 13:08:42,walking,7190.14,5744.49,539,90,108,29.49,3.61,0.3,0
11880219781,2023-08-26 19:29:32,walking,3708.05,4931.06,317,91,117,17.04,8.46,0.8,0
11887448888,2023-08-27 19:07:03,strength_training,2359.4,0,228,101,152,0,8.4,0.7,0
11900017766,2023-08-29 15:35:06,strength_training,4323.44,0,420,104,131,0,7.02,0.7,0
11901528273,2023-08-29 18:39:09,running,4372.35,9268.63,759,137,183,74.64,110.98,3.5,0.9
11915402211,2023-08-31 17:30:06,walking,491.26,256.86,33,83,106,0,1.16,0.1,0
11919101830,2023-09-01 05:57:18,treadmill_running,1653.86,3005.18,182,103,150,0,15.91,1.5,0
11926073519,2023-09-02 06:22:11,virtual_ride,3947,28029.19,413,112,125,102,32.57,2.4,0
11929517894,2023-09-02 09:47:15,cycling,8682.54,13789.65,555,85,116,133.14,4.07,0.4,0
11933699011,2023-09-03 06:26:00,virtual_ride,2687,20061.7,273,113,127,32,20.05,2,0
11933885990,2023-09-03 08:13:29,hiit,595.38,0,118,134,161,0,19.43,1.9,0
11934211927,2023-09-03 08:25:41,strength_training,3959.46,0,630,127,159,0,39.46,2.4,0
11935406659,2023-09-03 11:22:17,treadmill_running,2122.73,5809.18,473,154,175,0,115.46,3.7,0
11937927806,2023-09-03 16:07:43,walking,1802,1198.86,145,89,116,6.56,3.36,0.3,0
11939920506,2023-09-03 20:36:34,treadmill_running,930.09,1336.77,67,87,95,0,1.9,0.1,0
11941452370,2023-09-04 05:37:10,hiit,491.04,0,80,121,153,0,9.82,0.9,0
11947338285,2023-09-04 20:43:47,treadmill_running,2694.52,4007.04,194,89,128,0,2.36,0.2,0
11954428742,2023-09-05 18:28:11,walking,5524.71,3866.04,414,93,116,25.39,4,0.4,0
11977262287,2023-09-08 18:28:55,cycling,866.79,2018.14,68,90,106,8.45,5.3,0.6,0
11979770767,2023-09-09 04:04:54,walking,10902.84,6348.02,957,99,137,552.27,22.54,2,0
11981061044,2023-09-09 08:21:12,walking,7685.75,6054.11,601,100,136,28.1,6.8,0.6,0
11988177793,2023-09-10 08:28:16,walking,3584.51,5259.09,381,100,114,30.86,13.07,1.3,0
11991182562,2023-09-10 13:50:53,cycling,1552.32,3862.79,122,91,112,10.4,3.21,0.3,0
11992890348,2023-09-10 17:24:51,cycling,2390.66,5835.82,259,107,136,54.51,8.87,1,0
11993426911,2023-09-10 19:10:09,strength_training,2114.38,0,337,126,151,0,26.67,2.1,0
11994470808,2023-09-10 20:29:19,virtual_ride,6137.3,40463.4,568,115,131,136,34.64,2.5,0
12008860311,2023-09-12 19:56:26,virtual_ride,3706.11,25063.54,321,105,119,38,18.3,2,0
12023598599,2023-09-14 18:36:09,walking,5423.11,819.04,267,78,114,5.04,2.17,0.2,0
12040596069,2023-09-16 17:30:48,walking,6864.33,4905.54,538,92,119,40.06,3.43,0.3,0
12043261202,2023-09-17 11:04:16,running,8059.62,21282.14,1993,177,193,82.7,338.84,5,1.2
12045324813,2023-09-17 17:00:23,walking,1342.41,1012.09,122,99,119,0,4.66,0.4,0
12048787436,2023-09-18 06:09:43,strength_training,3203.43,0,417,116,141,0,20.69,1.9,0.1
12056033947,2023-09-18 19:16:09,virtual_ride,3766.54,26026.27,365,116,156,38,28.38,2.3,0
12060860711,2023-09-19 18:56:54,walking,4036.75,3328.83,273,85,103,5.26,2.37,0.2,0
12075737181,2023-09-21 18:31:38,walking,5436.75,1742.81,255,76,103,8.18,2.13,0.2,0
12086404077,2023-09-23 11:58:54,walking,870.47,1019.51,101,81,101,2.26,25.41,2.1,0
12087102624,2023-09-23 12:40:31,walking,4057.7,1104.73,230,79,103,9.03,2.04,0.2,0
12089602751,2023-09-23 18:42:47,walking,1537.81,705.92,75,76,107,4.94,1.61,0.1,0
12089882260,2023-09-23 19:43:50,walking,521.53,621.8,50,102,129,1.19,2.85,0.2,0
12093833940,2023-09-24 10:03:18,running,7049.09,21240.99,1825,175,188,101.58,358.52,5,0.1
12127329954,2023-09-28 18:28:33,walking,5665.08,1175.4,298,80,99,3.06,2.43,0.2,0
12141169661,2023-09-30 16:58:54,strength_training,5303.72,0,567,112,138,0,17.26,1.6,0
12143817463,2023-10-01 05:30:37,treadmill_running,2494.83,3935.99,229,99,124,0,6.64,0.6,0
12144003869,2023-10-01 06:15:43,walking,5184.22,6067.87,449,82,115,30.27,7.66,0.7,0
12145781768,2023-10-01 11:40:37,walking,1706.56,582.31,133,92,120,1.16,2.55,0.2,0
12147889614,2023-10-01 15:31:36,walking,3178.81,3399.67,247,86,113,23.35,3.78,0.3,0
12148761039,2023-10-01 18:02:38,strength_training,3279.78,0,429,118,150,0,20.98,2,0
12150628500,2023-10-02 05:36:57,hiit,485.24,0,98,137,182,0,29.39,2,0.7
12150765075,2023-10-02 05:56:35,treadmill_running,1665.02,4056.92,342,143,189,0,74.04,3.1,0.4
12151839180,2023-10-02 06:27:53,virtual_ride,1929,15108.31,220,132,143,26,20.91,2.1,0
12152274186,2023-10-02 10:27:04,walking,2362.05,1493.61,178,90,118,9.23,4.76,0.4,0
12158897948,2023-10-03 06:37:06,hiit,399.02,0,39,96,118,0,1.88,0.1,0
12166804459,2023-10-04 06:08:57,treadmill_running,962.19,712.97,69,88,104,0,1.95,0.1,0
12175148382,2023-10-04 21:47:39,hiit,490.79,0,69,114,143,0,7.95,0.7,0
12176004647,2023-10-04 23:11:01,treadmill_running,1335.5,2007.75,80,83,95,0,1.67,0.1,0
12178063780,2023-10-05 04:18:21,hiit,450.04,0,58,109,122,0,4.02,0.3,0
12178322589,2023-10-05 04:35:30,virtual_ride,2371,18099.9,251,120,141,27,19.76,2,0
12187279404,2023-10-05 18:33:43,running,2208.29,5173.08,443,139,166,52.37,79.98,3.1,0
12187596648,2023-10-05 19:11:48,walking,1079.54,271.42,117,106,140,2.22,5.85,0.5,0
12189808310,2023-10-05 20:21:55,virtual_ride,933.63,7090.63,99,0,0,12,,0,
12192623051,2023-10-06 05:09:29,hiit,446.98,0,105,151,168,0,29.27,2.1,0.2
12192853413,2023-10-06 05:20:51,treadmill_running,2855.47,5755.01,465,132,195,0,62.27,2.9,0
12212078800,2023-10-07 14:14:42,treadmill_running,2260.67,3545.51,240,108,132,0,13.04,1.2,0
12212548204,2023-10-07 15:10:04,hiit,495.73,0,58,107,133,0,5.46,0.5,0
12222101364,2023-10-08 09:20:58,walking,959.5,880.5,89,102,116,1.24,2.97,0.2,0
12227283877,2023-10-08 10:10:21,running,7355.79,21249.16,1783,157,182,114.46,307.21,5,0
12227715087,2023-10-08 15:00:24,walking,361.9,316.66,37,107,113,4.14,1.95,0.1,0
12229271800,2023-10-08 15:27:12,walking,4373.72,1237.06,339,95,123,10.33,3.53,0.3,0
12247703240,2023-10-09 23:19:03,treadmill_running,285.45,439.07,26,94,104,0,1.18,0.1,0
12260684798,2023-10-10 20:07:12,treadmill_running,1380.53,2145.65,104,90,100,0,2.52,0.2,0
12268526810,2023-10-11 12:06:30,walking,877.44,1004.39,81,95,110,7.92,3.07,0.2,0
12271832983,2023-10-11 16:17:39,walking,1254.37,248.89,68,80,108,5.53,1.6,0.1,0
12282545056,2023-10-12 11:00:33,walking,2762.1,2957.21,233,93,119,18.47,4.02,0.3,0
12289053243,2023-10-12 18:32:04,walking,4640.73,3300.67,292,81,105,13.61,2.37,0.2,0
12313542765,2023-10-14 11:37:48,hiking,14616.29,8715.11,1053,93,151,647.01,20.41,1.8,0
12316878174,2023-10-14 18:15:00,walking,4505.44,907.24,283,85,106,2.15,4.42,0.3,0
12316881303,2023-10-14 20:10:35,walking,510.85,504.53,54,108,124,8.61,2.56,0.2,0
12324065391,2023-10-15 09:01:57,hiking,9306.72,5371.81,693,92,144,460.8,23.19,2,0
12326806292,2023-10-15 14:15:56,walking,2244.46,945.92,171,90,115,27.4,5.21,0.4,0
12331597424,2023-10-15 17:58:03,walking,5444.44,3802.33,290,77,104,41.58,2.58,0.2,0
12340497212,2023-10-16 10:20:26,walking,3349.47,2967.86,293,97,142,142.15,7.51,0.7,0
12340508352,2023-10-16 12:41:00,hiking,11427.92,6051.67,926,98,152,238.73,21.47,2,0
12341020402,2023-10-16 16:34:48,walking,1588.85,1326.96,127,89,113,14.26,3.32,0.3,0
12342296335,2023-10-16 18:20:30,walking,608,669.54,50,87,104,2.03,2.9,0.2,0
12342923150,2023-10-16 19:02:54,walking,334.54,1014.76,38,109,134,2.13,3.09,0.2,0
12350373778,2023-10-17 09:48:10,walking,289.72,246.64,33,103,123,6.43,2.24,0.2,0
12351911655,2023-10-17 10:17:11,hiking,9099.9,6281.66,853,106,132,480.62,12.4,1.1,0
12353072983,2023-10-17 13:40:33,walking,1948.62,1621.6,165,96,121,45.87,4.99,0.4,0
12356651958,2023-10-17 17:45:45,walking,1764.68,1547.18,130,84,103,12.1,3.38,0.3,0
12357724960,2023-10-17 19:14:34,walking,1232.36,972.89,85,85,97,6.82,1.92,0.1,0
12368974493,2023-10-18 10:26:01,hiking,6874.02,4184.51,585,101,134,437.41,8.79,0.8,0
12368984982,2023-10-18 14:11:33,walking,6298.03,4479.51,512,101,128,101.21,7.39,0.6,0
12385633073,2023-10-19 18:29:27,walking,5161.99,4803.31,343,82,109,20.11,2.8,0.2,0
12399367524,2023-10-20 23:13:47,treadmill_running,1505.31,1935.85,143,100,110,0,5.35,0.5,0
12404508159,2023-10-21 11:16:00,walking,1531.87,414.82,68,71,94,5.55,1.55,0.1,0
12415015612,2023-10-22 04:39:29,treadmill_running,1971.27,3004.57,164,95,104,0,4.76,0.4,0
12429999803,2023-10-22 06:11:44,virtual_ride,6613.12,40185.43,537,101,121,163,24.62,2.2,0
12417132392,2023-10-22 09:05:30,strength_training,5367.23,0,722,122,154,0,38.57,2.4,0.1
12417703732,2023-10-22 10:44:16,indoor_rowing,1448.25,0,328,148,167,0,65.12,3,0
12430064876,2023-10-23 05:59:03,running,1371.69,1628.1,141,91,101,6.19,8.69,0.8,0
12443469392,2023-10-24 05:32:06,treadmill_running,793.82,1258.31,82,101,108,0,3.31,0.3,0
12468335230,2023-10-25 21:55:15,treadmill_running,1573.05,2433.69,117,89,102,0,2.51,0.2,0
12471715025,2023-10-26 07:12:07,treadmill_running,683.84,1100.66,62,95,109,0,2.42,0.2,0
12502625170,2023-10-28 15:30:06,strength_training,2288.75,0,340,123,149,0,23.78,2,0
12508494658,2023-10-29 01:20:55,walking,4965.25,7452.72,556,99,123,59.42,19.84,1.9,0
12511783167,2023-10-29 07:27:17,running,8532.1,11387.78,943,108,158,80.23,40.36,2.5,0
12515595726,2023-10-29 11:40:28,walking,5685.83,819.55,300,79,111,6.64,2.04,0.2,0
12518056155,2023-10-29 15:37:36,running,694.36,1102.32,105,118,142,12.92,10.91,1,0
12520818197,2023-10-29 17:49:21,strength_training,4420.1,0,439,105,145,0,10.05,1,0
12524446895,2023-10-30 04:48:01,hiit,480.11,0,76,119,134,0,7.35,0.7,0
12524447991,2023-10-30 05:04:36,treadmill_running,2344.85,5070.28,308,115,149,0,16.75,1.6,0
12528307068,2023-10-30 13:05:05,walking,177.76,145.96,18,92,102,3.42,1.01,0.1,0
12551347942,2023-11-01 06:55:24,walking,2617.41,674.79,161,83,101,8.37,1.97,0.2,0
12551494434,2023-11-01 07:50:54,treadmill_running,572.88,1006.45,60,100,123,0,3.71,0.3,0
12561314757,2023-11-01 19:59:51,treadmill_running,1814.95,2025.99,153,94,111,0,3.98,0.4,0
12570937678,2023-11-02 16:35:50,treadmill_running,1423.58,2225.58,126,95,136,0,7.27,0.7,0
12574065699,2023-11-02 20:42:29,strength_training,2308.61,0,309,114,159,0,21.44,1.9,0.1
12574373450,2023-11-02 21:21:36,strength_training,87.7,0,16,126,137,0,2.36,0.2,0
12593451147,2023-11-04 12:33:26,walking,1441.71,922,135,96,119,4.25,7.25,0.7,0
12594366966,2023-11-04 13:30:48,walking,1919.65,676.9,182,99,130,3.06,4.81,0.4,0
12596900927,2023-11-04 16:04:51,walking,1708.36,2509.99,177,110,129,12.05,6.6,0.6,0
12603933374,2023-11-05 08:25:35,strength_training,5198.98,0,613,116,157,0,23.76,2,0
12607890807,2023-11-05 11:27:27,walking,8293.52,3886.44,638,93,130,251.23,9.26,0.9,0
12614488304,2023-11-05 19:37:58,virtual_ride,8013.26,46099.26,924,123,146,601,82.27,3.4,0.1
12617024529,2023-11-06 06:27:56,hiit,472.65,0,73,118,146,0,7.68,0.7,0
12627197909,2023-11-06 21:22:41,walking,1698.49,2644.46,192,100,113,15.44,7.69,0.7,0
12630320846,2023-11-07 05:52:16,walking,179.43,143.65,27,113,137,18.14,3.07,0.3,0
12639158988,2023-11-07 18:54:00,walking,1628,660.82,95,82,103,1.05,2.09,0.2,0
12640522894,2023-11-07 20:27:16,treadmill_running,1330.84,2004.83,92,86,98,0,1.85,0.1,0
12656198745,2023-11-08 23:34:59,treadmill_running,1009.28,1275.23,74,90,104,0,2.12,0.2,0
12683858123,2023-11-10 12:05:54,walking,2748.37,791.46,174,86,125,6.67,2.91,0.3,0
12687883348,2023-11-11 13:27:46,strength_training,2556.39,0,302,113,143,0,16.07,1.8,0
12689031571,2023-11-11 14:48:53,walking,2246.23,2709.95,249,117,130,14.76,10.44,1.2,0
12691303273,2023-11-11 17:29:00,treadmill_running,1770.54,5189.78,401,153,177,0,101.1,3.7,0
12697386755,2023-11-12 08:49:03,strength_training,2425.75,0,262,109,131,0,11.3,1.3,0
12703861729,2023-11-12 15:54:41,walking,1987.62,1310.06,185,97,135,5.02,10.62,1.2,0
12704659182,2023-11-12 16:44:36,walking,2135.7,2745.68,204,79,118,15.49,9.58,1.1,0
12706105181,2023-11-12 18:42:18,treadmill_running,2052.44,4003.24,283,118,167,0,32.36,2.3,0.3
12710432078,2023-11-13 06:10:24,strength_training,4504.58,0,609,125,157,0,34.53,2.5,0
12717952260,2023-11-13 19:16:39,walking,1481.43,2552.67,195,110,144,17.37,15.35,1.7,0
12718590783,2023-11-13 20:09:17,treadmill_running,1266.82,2508.17,172,118,158,0,16.75,1.9,0
12732089970,2023-11-14 20:20:36,walking,793.78,829.53,107,109,130,8.32,17.22,1.9,0
12732916805,2023-11-14 21:18:14,walking,1024.5,1025.41,123,120,134,13.33,7.77,0.9,0
12759906148,2023-11-16 21:53:32,strength_training,2067.5,0,239,113,162,0,16.84,1.9,0
12790516007,2023-11-18 16:11:33,walking,931.38,1001.99,82,92,103,5.48,2.81,0.3,0
12813526907,2023-11-21 05:36:04,treadmill_running,3493.65,3051.13,240,90,144,0,12.88,1.4,0
12885595812,2023-11-23 14:50:26,walking,780.16,931.66,72,95,109,15.39,3,0.3,0
12885597606,2023-11-23 16:00:00,walking,1703.68,1119.01,149,98,126,23.93,4.47,0.5,0
12885604258,2023-11-24 12:40:39,walking,6967.68,6007.75,591,97,122,192.54,9.36,1,0
12885609608,2023-11-24 15:01:47,walking,4700.22,5793.85,407,96,124,14.53,10.02,1.1,0
12893090076,2023-11-27 14:23:49,walking,893.75,1075.37,115,121,151,7.09,9.6,1.1,0
12894847655,2023-11-27 17:26:50,treadmill_running,782.48,2025.77,175,149,166,0,43.66,2.7,0
12952839114,2023-12-01 11:09:00,walking,2287.87,2149.38,182,83,106,7.43,4.25,0.4,0
12952839780,2023-12-02 10:48:23,walking,7000.02,2880.96,461,87,112,15.18,3.63,0.4,0
13010779268,2023-12-02 22:20:59,walking,6405.88,3040.86,502,100,135,24.2,8.5,0.9,0
13010779516,2023-12-03 12:32:57,walking,7055.61,4307.27,722,114,140,522.51,17.89,2,0
13010779649,2023-12-03 15:48:33,walking,3703.14,4350.77,335,116,155,7.03,9.67,1.1,0
13010779732,2023-12-04 12:37:54,walking,1811.58,760.3,142,93,113,13,4,0.4,0
13010779858,2023-12-04 20:00:00,walking,2048.7,1693.37,187,103,125,35.33,5.96,0.6,0
13010780087,2023-12-04 23:41:09,walking,6867.49,708.83,434,89,128,12.04,6.85,0.7,0
13010780135,2023-12-07 06:17:15,strength_training,2586.29,0,330,117,146,0,18.42,2,0
13033493832,2023-12-08 19:13:41,walking,4576.64,11033.06,422,103,152,64.37,13.03,1.5,0
13042026491,2023-12-09 19:03:59,walking,6644.47,2279.57,545,104,128,18.16,7.68,0.8,0
13045645528,2023-12-10 07:04:50,treadmill_running,5219.76,10008.49,556,113,159,0,21.35,2.1,0
13046168375,2023-12-10 09:03:06,strength_training,2539.92,0,333,116,143,0,16.12,1.8,0
13047533769,2023-12-10 11:22:59,walking,431.26,707.83,80,128,152,3.77,14.52,1.6,0
13051522322,2023-12-10 15:02:15,walking,3333.27,674.9,212,85,108,3.88,2.04,0.2,0
13054320236,2023-12-10 19:24:35,walking,2416.81,2207.89,218,95,111,9.97,4.98,0.5,0
13118356883,2023-12-16 10:57:03,walking,2476.57,136.65,197,94,120,0,4.56,0.5,0
13136250392,2023-12-17 16:20:04,walking,5722.89,1876.46,385,87,114,4.85,2.82,0.3,0
13137567351,2023-12-17 19:41:55,walking,2071.83,1230.15,161,90,114,4.66,2.94,0.3,0
13143662516,2023-12-18 12:45:55,walking,566.73,505.19,49,86,104,2.29,2.07,0.2,0
13144311478,2023-12-18 13:21:53,walking,2443.52,1024.13,155,81,108,16.05,2.69,0.3,0
13198731619,2023-12-23 10:03:28,walking,2063.54,664.38,134,84,113,12.14,2.9,0.3,0
13233742530,2023-12-26 10:19:46,walking,8184.98,6840.54,963,121,167,383.79,35.79,2.5,0
13237562072,2023-12-26 16:29:27,walking,4814.79,6753.32,432,115,126,0,8.26,0.9,0
13260570986,2023-12-28 13:09:37,walking,3556.01,3286.98,332,97,118,7.92,6.27,0.7,0
13274075493,2023-12-29 12:18:16,walking,8342.45,5409.81,556,80,111,32.05,4.97,0.5,0
13292669693,2023-12-30 20:37:59,walking,1945.84,2029.81,205,110,123,9.26,7.8,0.9,0
13303831771,2023-12-31 15:58:35,walking,2695.26,2683.04,227,94,111,18.42,4.2,0.4,0
13310265131,2024-01-01 09:09:02,treadmill_running,1759.79,3014.29,196,109,167,0,18.21,2.1,0
13316883520,2024-01-01 16:34:22,walking,3015.72,2543.91,262,101,115,13.98,5.01,0.6,0
13388570907,2024-01-03 20:28:41,walking,3212.94,3301.99,289,91,123,55.74,5.42,0.7,0
13388573125,2024-01-05 14:24:14,walking,1822,1335.16,129,85,109,1.05,2.67,0.3,0
13388576455,2024-01-05 15:21:49,walking,2170.73,2223.06,183,87,106,5.51,3.68,0.5,0
13388967848,2024-01-06 17:53:48,treadmill_running,1881.1,3262.15,202,108,151,0,11.55,1.5,0
13395449350,2024-01-07 09:32:45,strength_training,3622.95,0,341,102,136,0,7.49,1,0
13405168623,2024-01-07 20:36:38,treadmill_running,759.12,2201.09,147,133,150,0,25.46,2.3,0
13428720399,2024-01-09 13:34:33,walking,6130.96,1929.04,492,94,124,10.37,7.1,0.9,0
13461311585,2024-01-10 08:39:31,hiit,443.12,0,69,120,139,0,8.55,1.1,0
13461312910,2024-01-11 06:56:51,hiit,494.18,0,87,128,151,0,14.03,1.9,0
13461318298,2024-01-11 18:15:13,walking,2704.56,3439.11,267,97,113,12.8,9.04,1.2,0
13467748666,2024-01-12 07:49:14,hiit,478.59,0,48,99,124,0,2.69,0.3,0
13476422404,2024-01-12 19:58:53,walking,2405.44,2466.6,203,85,105,13.85,5.77,0.7,0
13481482340,2024-01-13 08:32:39,strength_training,2895.55,0,379,120,150,0,25.79,2.3,0
13488217880,2024-01-13 15:00:42,walking,5271.92,2963.39,398,94,121,13.97,3.98,0.5,0
13506747067,2024-01-14 19:25:32,treadmill_running,1941.12,3006.26,172,99,118,0,5.04,0.6,0
13508205313,2024-01-14 22:20:50,treadmill_running,293.42,446.72,23,91,105,0,1.04,0.1,0
13513397809,2024-01-15 11:30:18,walking,2188.77,2966.47,233,102,118,25.08,9.16,1.2,0
13525007392,2024-01-16 06:32:31,strength_training,2659.57,0,428,131,159,0,47.89,3,0
13530133358,2024-01-16 14:28:16,walking,2676.31,1018.44,275,109,144,4.72,9.61,1.3,0
13540137213,2024-01-17 06:24:04,strength_training,3301.13,0,393,114,145,0,22.31,2.2,0
13540506280,2024-01-17 08:23:31,walking,727.81,1063.65,108,116,157,3.91,18.42,2.1,0
13544768666,2024-01-17 14:57:24,walking,901.33,113.14,76,94,108,0,2.33,0.3,0
13581296696,2024-01-20 08:27:12,strength_training,2249.44,0,291,117,147,0,17.24,2,0
13591649612,2024-01-20 20:25:24,treadmill_running,2215.42,3568.91,292,121,152,0,31.43,2.5,0
13596220522,2024-01-21 08:17:02,strength_training,5951.72,0,685,119,152,0,28.89,2.4,0
13603979721,2024-01-21 15:57:16,walking,4667.52,2462.19,345,94,120,11.16,3.21,0.4,0
13609555208,2024-01-22 04:14:38,treadmill_running,2362.19,5005.57,349,125,168,0,35.36,2.7,0
13610112928,2024-01-22 06:05:07,strength_training,3294.16,0,490,124,153,0,37.85,2.7,0
13610663682,2024-01-22 07:59:13,walking,995.08,1310.19,129,111,140,11.59,12.89,1.7,0
13681692983,2024-01-27 06:34:06,treadmill_running,711.41,1116.44,57,92,105,0,1.97,0.2,0
13688249551,2024-01-27 14:10:17,strength_training,3192.85,0,345,110,136,0,11.55,1.5,0
13697570983,2024-01-28 07:18:21,treadmill_running,1614.44,2601.44,150,101,107,0,5.58,0.7,0
13698402696,2024-01-28 08:30:34,strength_training,3753.8,0,464,116,147,0,23.18,2.2,0
13742152657,2024-01-29 19:03:09,walking,2819.08,4262.04,308,86,104,13.27,13.24,1.8,0
13740050188,2024-01-30 14:55:22,walking,4953.84,2316.88,361,91,128,10.43,4.79,0.6,0
13744540651,2024-01-31 04:29:43,treadmill_running,2812.26,4200.58,177,85,99,0,2.28,0.3,0
13752370876,2024-01-31 17:10:20,hiit,477.32,0,69,116,136,0,7.09,0.9,0
13752710740,2024-01-31 17:23:35,strength_training,993.22,0,167,126,145,0,19.11,2.1,0
13755533141,2024-01-31 19:47:43,walking,2362.91,1886.79,205,92,125,29.9,5.47,0.7,0
13794709982,2024-02-03 13:34:56,walking,2179.11,859.01,114,72,91,7.1,2.12,0.2,0
13800518775,2024-02-03 20:04:17,walking,627.22,1004.16,68,96,106,4.05,3.79,0.5,0
13908271061,2024-02-11 04:37:21,treadmill_running,6564.25,10004.74,518,97,113,0,4.43,0.6,0
14013030896,2024-02-18 05:13:53,treadmill_running,3185.4,5090.63,273,99,109,0,4.92,0.6,0
14197539168,2024-02-27 07:30:04,hiit,542.02,0,98,128,151,0,18.98,2.1,0
14209817588,2024-03-02 06:24:21,treadmill_running,3366.97,5051.92,257,93,110,0,2.72,0.3,0
14215686597,2024-03-02 13:47:35,walking,2811.75,2018.2,221,87,122,21.21,9.64,1.3,0
14225661536,2024-03-03 03:50:11,walking,17032.92,9702.57,1739,116,171,1118.4,64.35,3.3,0
14254335684,2024-03-04 22:00:31,treadmill_running,1980.8,3123.25,172,97,111,0,4.12,0.5,0
14265163880,2024-03-05 16:48:50,treadmill_running,907.08,1458.64,90,101,109,0,3.79,0.5,0
14297376637,2024-03-07 17:21:41,walking,612.06,1021.06,65,93,130,6.96,5.71,0.7,0
14311525172,2024-03-08 15:12:10,cycling,2750.65,6395.26,309,108,124,60.3,12.77,1.4,0
14316881064,2024-03-08 23:44:47,walking,922.54,1034.42,75,92,118,0,2.57,0.3,0
14319464163,2024-03-09 06:58:44,treadmill_running,2556.54,4578.58,299,114,148,0,20.85,2.2,0
14324225756,2024-03-09 12:46:29,walking,1851.44,1843.32,169,90,124,17.82,4.65,0.6,0
14387268464,2024-03-10 15:30:32,walking,4418.52,2856.58,374,96,119,24.26,4.46,0.6,0
14387629813,2024-03-10 17:41:44,walking,2344.74,2676.77,311,129,149,14.74,16.42,2,0
14387639092,2024-03-13 11:21:33,walking,11945.34,4441.55,916,93,124,12.2,5.32,0.7,0
14390144312,2024-03-13 17:01:07,treadmill_running,2086,3507.18,211,104,142,0,10.15,1.3,0
14416003158,2024-03-14 13:43:39,walking,2861.07,1617.55,179,81,105,10.37,3.5,0.4,0
14428518850,2024-03-16 06:19:10,treadmill_running,3154.89,5032.11,363,112,126,0,13.34,1.8,0
14433827937,2024-03-16 12:55:32,walking,1244.13,248.98,76,82,103,7.49,1.51,0.2,0
14444581449,2024-03-17 05:39:12,treadmill_running,6989.56,12020.45,671,105,166,0,18.27,2.1,0
14460874993,2024-03-17 12:54:53,walking,1150.06,1034.04,125,104,121,11.12,5.22,0.7,0
14460876063,2024-03-17 14:16:15,walking,1037.73,1034.12,98,93,120,8.28,3.77,0.5,0
14460893387,2024-03-18 05:05:16,walking,2098.64,3512.84,277,110,121,20.14,12.99,1.7,0
14528809682,2024-03-22 11:13:51,walking,8083.36,4352.49,543,84,110,13.37,3.96,0.5,0
14558477020,2024-03-23 13:56:09,walking,11299.62,6178.37,838,88,111,60.48,5.69,0.7,0
14620661329,2024-03-27 14:41:35,walking,2229.09,2014.58,223,101,126,15.16,5.6,0.7,0
14620662949,2024-03-27 17:49:29,walking,661.97,706.95,59,91,106,7.53,2.18,0.3,0
14638533584,2024-03-29 16:02:24,walking,7319.45,4463.21,611,96,125,12.18,8.34,1.1,0
14651259358,2024-03-30 14:08:13,walking,1395.82,1023.22,112,92,125,13.11,3.32,0.4,0
14661582552,2024-03-31 07:17:38,treadmill_running,4771.65,4328.32,323,89,109,0,4.21,0.5,0
14688189102,2024-04-01 17:30:08,walking,10110.57,7581.5,893,106,129,82.75,10.09,1.3,0
14716092144,2024-04-03 16:40:01,treadmill_running,1236.42,2021.2,103,93,107,0,3.12,0.4,0
14718157426,2024-04-03 18:35:25,walking,1056.67,192.82,72,85,115,1.81,1.81,0.2,0
14729502061,2024-04-04 10:06:17,walking,526.93,292.21,55,101,118,0,2.72,0.3,0
14736038909,2024-04-04 20:33:33,walking,1720.18,2205.11,176,113,124,8.79,6.42,0.8,0
14740593654,2024-04-05 06:36:33,running,3543.21,7592.23,687,143,174,38.34,98.24,3.9,0.1
14740702075,2024-04-05 07:42:34,hiit,369.47,0,59,119,138,0,10.06,1.3,0
14756108552,2024-04-06 09:37:09,hiit,488.16,0,85,122,141,0,10.66,1.4,0
14762431774,2024-04-06 14:42:41,walking,941.72,344.97,60,82,98,2.13,1.52,0.2,0
14762434350,2024-04-06 15:09:44,walking,779.03,170.39,45,79,89,1.15,1,0.1,0
14762436567,2024-04-06 15:34:49,walking,735.37,210.28,47,81,92,1.05,1.39,0.1,0
14766595174,2024-04-06 18:22:39,walking,3717.4,809.54,305,94,132,2.18,4.19,0.5,0
14767839240,2024-04-06 21:04:45,strength_training,209.04,0,17,86,117,0,0.97,0.1,0
14779655222,2024-04-07 12:56:12,cycling,6830.1,13912.68,800,115,144,82.75,27.68,2.3,0
14785329706,2024-04-07 15:52:09,walking,7066.47,1693.98,680,106,129,15.46,7.05,0.9,0
14841545975,2024-04-11 09:59:26,walking,779.37,1002.84,82,92,110,5.59,3.54,0.4,0
14848156122,2024-04-11 17:40:13,walking,3196.33,352.34,191,82,121,5.52,2.17,0.3,0
14859436777,2024-04-12 11:29:19,walking,2491.23,2940.92,291,118,140,27.16,13.06,1.7,0
14883483608,2024-04-13 16:47:51,walking,11324.94,7858.34,883,94,119,41.85,5.52,0.7,0
14898146100,2024-04-14 14:37:35,cycling,7303.68,19725.07,712,104,126,188.52,12.24,1.4,0
14899116595,2024-04-14 17:15:08,walking,972.93,938.58,94,97,139,7.14,4.97,0.6,0
14946815801,2024-04-17 17:01:44,walking,2488.18,2814.05,222,101,120,16.07,5.08,0.6,0
14989145509,2024-04-20 12:59:26,walking,2348.09,154.05,166,86,104,1.05,2.4,0.3,0
14995625846,2024-04-20 17:11:11,walking,2999.14,1530.11,362,115,144,2.08,17.71,2.1,0
14995625927,2024-04-20 20:05:58,strength_training,1115.5,0,127,105,132,0,5.52,0.7,0
15003019817,2024-04-21 10:41:01,walking,2763.24,1370.94,235,96,121,4.59,4.76,0.6,0
15010463013,2024-04-21 16:53:02,walking,2430.94,344.17,173,87,107,6.57,2.45,0.3,0
15040562812,2024-04-23 17:15:50,walking,3634.52,477.12,241,85,121,2.13,3.47,0.4,0
15119235647,2024-04-28 15:09:21,walking,1805.01,662.71,167,100,117,4.47,5.18,0.7,0
15121688525,2024-04-28 17:17:42,walking,2019.13,515.12,194,101,126,7.96,5.59,0.7,0
15172382035,2024-05-01 14:34:47,walking,8617.22,7317.02,901,117,177,17.06,49.58,3.1,0
15202802932,2024-05-03 12:13:33,walking,8176.35,2368.33,377,71,115,8.88,2.5,0.3,0
15216479399,2024-05-04 11:12:27,running,2702.6,1197.56,231,94,124,11.94,5.76,0.7,0
15221664676,2024-05-04 16:11:56,walking,1962.08,861.05,196,102,126,2.13,7.43,1,0
15230000424,2024-05-05 07:08:50,treadmill_running,2359.62,5005.86,364,127,170,0,51.02,3.1,0.2
15242146232,2024-05-05 17:41:31,walking,1896.08,904.95,186,103,126,36.9,5.18,0.7,0
15242152576,2024-05-05 18:33:08,walking,3068.37,1528.57,297,106,127,23.58,6.7,0.9,0
15250701576,2024-05-06 11:49:23,walking,3481.28,790.5,262,88,112,7.88,3.36,0.4,0
15252729056,2024-05-06 14:06:14,running,3650.03,6650.36,670,137,183,70.43,86.5,3.7,0.1
15304612104,2024-05-07 20:50:39,walking,2339.41,2908.28,213,90,117,28.33,5.66,0.7,0
15304612663,2024-05-09 14:42:21,walking,3945.12,337.58,232,81,110,6.8,2.01,0.2,0
15306619843,2024-05-09 17:00:03,running,2480.88,4225.02,411,127,156,34.25,49.11,3,0
15321678214,2024-05-10 13:36:44,walking,8488.9,1074.16,359,72,100,5.79,1.79,0.2,0
15325318034,2024-05-10 19:13:38,walking,1558.77,215.69,96,81,101,11.88,1.75,0.2,0
15335233983,2024-05-11 11:04:04,walking,4921.67,857.34,344,87,121,12.02,6.45,0.8,0
15362621270,2024-05-12 20:01:36,walking,5996.69,6459.65,545,84,120,49.13,9.39,1.2,0
15373312903,2024-05-13 16:45:26,running,2880.36,5093.63,447,123,164,33.59,63.57,3.3,0
15383918177,2024-05-14 08:36:39,running,2492.87,6231.54,557,150,182,76.09,112.99,4,1.5
15426510880,2024-05-15 09:11:45,running,2751.02,5249.37,466,128,160,54.89,52.15,3.1,0.3
15426514384,2024-05-16 05:45:23,walking,1335.19,1897.61,174,113,151,10.08,11.07,1.5,0
15438662175,2024-05-17 13:48:29,walking,6025.12,747.53,317,78,104,3.34,2.34,0.3,0
15464715877,2024-05-19 07:34:47,treadmill_running,1808.36,5015.03,366,135,165,0,77.8,3.6,0
15477202999,2024-05-19 18:55:41,walking,2391.43,2015.45,176,80,98,25.18,2.8,0.3,0
15491143589,2024-05-20 15:14:47,running,7827.87,16096.67,1391,136,177,151.01,157.45,4.9,0
15495014833,2024-05-20 20:45:55,strength_training,886.08,0,149,122,142,0,14.84,1.7,0
15505787758,2024-05-21 14:04:41,walking,3600.71,2035.44,259,88,103,7.22,2.45,0.2,0
15508704470,2024-05-21 17:28:01,walking,3404.59,2265.7,216,81,99,10.54,2.4,0.2,0
15509636773,2024-05-21 18:52:57,walking,1008.17,1175.53,92,85,96,4.92,3.3,0.3,0
15511225759,2024-05-21 19:26:42,walking,2633.53,314.11,166,83,108,2.35,2.09,0.2,0
15518538520,2024-05-22 09:19:47,walking,1654.07,414.09,96,79,104,9.83,1.93,0.2,0
15520350558,2024-05-22 10:15:46,walking,7070.34,2630.97,395,79,239,40.81,3.18,0.3,0
15520874835,2024-05-22 12:51:48,walking,1271.77,399.23,102,90,104,7.17,2.62,0.3,0
15543860141,2024-05-23 18:56:14,walking,3667.43,4112.92,323,89,108,38.29,5.49,0.6,0
15583238851,2024-05-25 11:47:23,walking,9784.8,7541.33,941,106,155,312.04,24.66,2.1,0.1
15604455077,2024-05-27 14:18:29,walking,2539.87,220.66,99,70,89,1.38,0.8,0,0
15608743436,2024-05-27 17:25:58,walking,6164.65,3024.58,388,81,117,48.15,2.7,0.3,0
15639225319,2024-05-29 15:35:06,walking,1184.31,420.18,98,90,120,11.41,2.86,0.3,0
15640888895,2024-05-29 16:24:58,walking,4746.98,979.13,315,85,118,11.49,4.18,0.4,0
15642214338,2024-05-29 18:47:35,walking,468.84,635.53,54,101,112,3.76,2.94,0.3,0
15644417731,2024-05-29 19:56:39,walking,3105.91,1421.26,236,87,110,16.81,4.11,0.4,0
15651142214,2024-05-30 09:05:46,walking,1515.16,2256.4,175,90,133,35.74,6.84,0.7,0
15653191103,2024-05-30 11:44:33,strength_training,3209.31,0,355,106,138,0,13.04,1.5,0
15660570897,2024-05-30 16:08:55,walking,12083.66,8119.24,850,83,113,82.05,7.09,0.8,0
15669728469,2024-05-31 12:35:33,walking,2046.77,1015.32,174,89,118,36.34,4.09,0.4,0
15670978614,2024-05-31 13:54:30,walking,2570.24,3319.83,296,107,146,37.37,15.92,1.8,0
15673995286,2024-05-31 17:47:56,walking,1045.58,1631.95,134,119,143,20.27,8.06,0.9,0
15683382347,2024-06-01 10:00:14,walking,3227.13,2042.86,214,80,106,11.02,3.99,0.4,0
15691091450,2024-06-01 14:22:15,walking,13463.76,2074.89,572,73,134,29.1,2.33,0.2,0
15692231410,2024-06-01 19:12:20,walking,840.1,210.23,91,101,119,7,3.94,0.4,0
15698694720,2024-06-02 08:51:34,strength_training,2607.48,0,328,111,147,0,16.8,1.9,0
15704176747,2024-06-02 13:35:05,walking,3459.46,1485.05,314,99,127,32.11,6.17,0.7,0
15705956678,2024-06-02 15:28:56,walking,2084.3,1074.77,179,93,119,10.18,3.5,0.4,0
15707253168,2024-06-02 16:57:44,walking,481.34,431.71,41,98,108,4.8,1.69,0.1,0
15723520375,2024-06-03 15:41:02,walking,10492.53,6772.37,732,83,110,88.42,3.8,0.4,0
15725206364,2024-06-03 19:04:43,strength_training,3326.7,0,408,113,153,0,21.94,2,0.2
15731770749,2024-06-04 07:14:20,strength_training,518.27,0,81,117,138,0,9.22,1,0
15735683208,2024-06-04 12:43:34,treadmill_running,1682.13,4008.31,332,135,155,0,47.97,2.8,0
15740782937,2024-06-04 16:51:54,walking,5913.12,2328.14,375,84,105,9.01,2.46,0.2,0
15753037623,2024-06-05 06:41:48,strength_training,483.52,0,91,127,149,0,17.27,1.9,0
15753037841,2024-06-05 12:16:57,treadmill_running,1323.84,2004.91,144,104,113,0,6.47,0.7,0
15755835350,2024-06-05 14:16:20,walking,2455.04,1318.64,187,89,111,6.11,2.72,0.3,0
15758723749,2024-06-05 17:33:13,walking,3373.86,813.23,312,102,121,5.24,7.42,0.8,0
15761957604,2024-06-05 19:14:22,walking,6029.15,2764.55,389,85,117,9.03,2.83,0.3,0
15770607343,2024-06-06 12:30:06,walking,480.35,4.06,80,121,137,0,9.33,1,0
15772514995,2024-06-06 13:35:20,walking,3750.78,5318.95,423,112,131,46.73,17.71,2,0
15774280633,2024-06-06 16:15:30,strength_training,1311.1,0,128,98,125,0,4.66,0.5,0
15806718010,2024-06-08 14:32:23,walking,1860.56,1189.37,203,96,141,31.75,10.17,1.1,0
15812565496,2024-06-08 18:14:20,walking,10698.4,5036.68,716,87,121,57.89,3.94,0.4,0
15822069736,2024-06-09 12:40:57,walking,2428.7,914.86,158,81,97,5.6,2.52,0.2,0
15824749738,2024-06-09 15:09:35,running,2441.57,431.42,187,90,109,5.73,3.37,0.3,0
15826929664,2024-06-09 17:18:01,walking,1843.17,1172.75,125,81,101,22.95,2.54,0.2,0
15839990070,2024-06-10 15:15:55,walking,2891.2,560.67,139,75,99,9.53,1.84,0.2,0
15854215626,2024-06-11 13:05:58,walking,598.5,862.3,64,97,111,4.64,3.07,0.4,0
15858149228,2024-06-11 17:11:33,strength_training,1270.25,0,147,106,145,0,10.85,1.4,0
15918617838,2024-06-15 10:45:37,walking,833.09,451.56,80,97,114,1.07,3.39,0.4,0
15920520888,2024-06-15 11:16:25,walking,4015.35,2553.86,216,76,101,16.98,2.71,0.3,0
15920523956,2024-06-15 12:26:03,strength_training,1420.53,0,154,102,129,0,6.81,0.9,0
15932856844,2024-06-16 07:20:49,treadmill_running,1864.56,5037.5,369,134,168,0,62.02,3.3,0
15937991304,2024-06-16 12:49:53,walking,1822.93,261.69,176,99,136,34.13,5.78,0.7,0
15943550992,2024-06-16 18:07:03,walking,947.83,466.65,70,87,104,2.22,2.02,0.2,0
15955522259,2024-06-17 14:36:42,walking,1828.38,352.72,115,83,106,1.07,2.03,0.2,0
15955980245,2024-06-17 15:29:18,strength_training,24.94,0,2,85,95,0,0.68,0,0
15956669563,2024-06-17 15:47:13,walking,2515.62,233.71,142,80,104,2.05,1.76,0.2,0
15959794160,2024-06-17 18:58:15,walking,2036.36,391.94,131,83,124,1.17,3.8,0.5,0
15987613038,2024-06-19 12:05:21,walking,633.81,469.25,59,95,110,6.13,2.47,0.3,0
15993267795,2024-06-19 17:38:21,running,1599.73,4269.21,337,142,159,0,66.65,3.4,0
16001343734,2024-06-20 06:08:31,running,1067.19,3356.55,275,155,179,23.22,108.84,3.8,1.9
16007733314,2024-06-20 14:10:22,walking,5109.04,2016.86,281,79,106,6.5,2.45,0.2,0
16019333579,2024-06-21 09:30:44,running,1126.72,3362.2,274,158,183,26.69,102.36,3.4,2.1
16034373829,2024-06-22 10:01:04,running,1228.61,3267.38,281,152,173,30.41,78.3,3.2,0.8
16063355823,2024-06-23 11:20:06,hiking,35777.97,21150,3351,106,147,1606.36,34.64,2.4,0.1
16086424589,2024-06-24 10:37:01,walking,9252.32,7748.68,663,89,121,24.91,3.77,0.4,0
16094916542,2024-06-25 12:12:14,hiking,24166.09,18026.45,2668,114,183,1114.04,140.81,4,2
16113964930,2024-06-26 19:16:07,walking,3123.08,2238.65,242,93,112,11.77,2.86,0.2,0
16137521025,2024-06-28 11:24:01,walking,731.28,725.88,70,100,113,12.01,2.76,0.3,0
16139787657,2024-06-28 11:39:04,cycling,6457.13,22174.08,586,101,116,128.69,7.66,0.8,0
16141431903,2024-06-28 14:56:27,cycling,4522.88,16104.72,426,99,134,217.04,16.23,1.8,0
16141433047,2024-06-28 16:15:41,incident_detected,34,6.04,5,110,114,0,0.44,0,0
16141848769,2024-06-28 16:26:12,cycling,1084.66,3953,124,104,119,37.48,5.84,0.6,0
16144494102,2024-06-28 19:13:18,walking,1822.34,1865.65,174,103,120,25.11,5.37,0.6,0
16146433003,2024-06-28 21:45:45,walking,2274.03,1805.05,178,93,117,20.26,3.63,0.4,0
16149488840,2024-06-29 04:29:17,walking,2865.44,1867.84,178,78,107,19.78,3.21,0.3,0
16159177858,2024-06-29 16:26:53,walking,1224.31,885.12,99,89,108,21.97,2.6,0.3,0
16174957453,2024-06-30 16:00:02,walking,2237.95,357.19,187,94,130,2.4,5.47,0.6,0
16179252606,2024-06-30 20:55:19,walking,1419.26,668.58,144,101,126,6.82,5.05,0.5,0
16191151732,2024-07-01 17:52:31,walking,1178.29,476.61,112,95,116,2.14,3.5,0.4,0
16194724905,2024-07-01 21:02:15,walking,2243.72,796.38,273,111,126,8.59,12.44,1.4,0
16221989017,2024-07-03 12:43:44,walking,6671.43,4937.62,647,98,145,55.64,11.22,1.2,0
16238718311,2024-07-04 14:21:37,walking,2011.69,776.66,206,101,127,4.61,7.88,0.9,0
16243701558,2024-07-04 18:00:36,walking,4589.74,685.88,268,80,112,16.86,2.23,0.2,0
16250486542,2024-07-05 07:26:26,walking,1353.12,1538.7,130,92,108,21.03,4.29,0.4,0
16254895779,2024-07-05 13:22:42,walking,2969.58,2383.79,212,78,100,8.48,8.34,0.8,0.1
16258657300,2024-07-05 17:21:43,walking,3130.1,3597.45,286,88,112,27.13,8.92,1,0
16273245767,2024-07-06 12:04:59,kayaking_v2,12262.8,11200.52,822,87,122,106.05,3.97,0.4,0
16277503011,2024-07-06 20:48:11,walking,2000.35,412.13,172,94,111,17.06,3.69,0.4,0
16287629650,2024-07-07 13:41:25,walking,2178.71,1111.27,156,87,105,15.54,2.79,0.3,0
16299851021,2024-07-08 08:57:24,walking,1388.28,153.77,131,96,120,4.89,3.97,0.4,0
16322095137,2024-07-09 13:48:52,walking,3393.46,803.9,151,73,90,10.13,1.26,0.1,0
16324514583,2024-07-09 16:43:13,walking,3136.03,1935.36,255,90,110,13.74,4.46,0.5,0
16328003543,2024-07-09 19:21:38,walking,3959.7,944.54,305,90,127,7.06,3.57,0.4,0
16335329340,2024-07-10 09:35:47,walking,1598.7,1595.9,123,79,98,11.7,3.97,0.4,0
16336121682,2024-07-10 11:03:22,walking,946.08,464.16,62,82,92,4.52,1.54,0.1,0
16340802456,2024-07-10 16:20:31,walking,782.2,182.67,58,85,101,7.42,1.78,0.2,0
16405725485,2024-07-14 14:22:07,walking,538.63,285.81,58,100,116,21.84,2.98,0.3,0
16422843681,2024-07-15 15:30:55,walking,1366,423.53,101,86,113,3.29,3.08,0.3,0
16426794357,2024-07-15 18:42:15,walking,4128.28,1925.63,210,74,104,7.04,2.06,0.2,0
16427565707,2024-07-15 20:01:02,walking,1976.68,1006.81,95,67,95,7.21,1.66,0.1,0
16440828957,2024-07-16 15:49:26,walking,346.95,273.37,27,90,102,2.11,1.14,0.1,0
16443705791,2024-07-16 18:34:34,walking,2463.98,1036.69,223,96,127,9.72,5.68,0.6,0
16456063084,2024-07-17 13:07:54,walking,2308.15,2006.28,270,116,148,31.51,13.52,1.5,0
16488662360,2024-07-19 10:15:01,walking,3485.69,4999.51,375,91,123,52.05,12.18,1.4,0
16519128141,2024-07-20 14:11:08,cycling,3963.98,7766.86,286,87,109,37.25,3,0.3,0
16519224031,2024-07-20 17:35:00,cycling,10045,12205.86,0,,,108,,,
16530472651,2024-07-21 15:26:19,walking,14567.91,9479.89,1115,92,128,56.51,4.35,0.5,0
16588351182,2024-07-25 18:03:44,walking,1682.93,313.78,152,96,117,9.16,4.71,0.5,0
16606466906,2024-07-27 20:45:53,walking,1250.88,1360.25,125,106,124,14.44,4.49,0.5,0
16611354514,2024-07-28 12:01:05,walking,5464.33,6478.32,554,112,136,43.21,13.52,1.5,0
16628958103,2024-07-30 10:18:07,walking,2901.4,2852.48,273,96,116,11.81,6.36,0.7,0
16628958256,2024-07-30 14:01:58,walking,1974.59,2492.06,214,105,120,24.31,8.8,1,0
16630545242,2024-07-30 16:55:28,walking,3433.46,507.35,249,89,118,11.52,3.6,0.4,0
16635774633,2024-07-31 08:43:15,cycling,1060.08,2475.35,111,99,117,10.55,5.39,0.6,0
16637675226,2024-07-31 13:19:41,walking,2006.76,2536.98,204,93,108,7.28,7.19,0.8,0
16645131392,2024-08-01 10:29:57,mountain_biking,937.4,2481.25,99,100,120,7.17,4.31,0.5,0
16646469049,2024-08-01 13:43:10,mountain_biking,971.29,2485.73,133,112,136,40.09,11.38,1.3,0
16653161763,2024-08-02 09:35:52,mountain_biking,1116.35,2538.47,115,99,120,13.92,4.64,0.5,0
16654865959,2024-08-02 13:46:14,mountain_biking,1076.03,2744.8,104,97,115,17.39,3.78,0.4,0
16657185101,2024-08-02 16:44:05,mountain_biking,4317.08,10920.53,453,103,127,48.11,8.76,1,0
16662203354,2024-08-03 11:33:13,strength_training,2593.92,0,463,131,160,0,57.19,2.9,0.7
16666713102,2024-08-03 20:12:08,walking,3315.65,1197.67,311,103,125,12.07,9.17,1,0
16674929302,2024-08-04 19:18:53,walking,610.83,114.96,48,88,101,1.15,1.98,0.2,0
16678328640,2024-08-05 08:50:01,strength_training,2316.6,0,315,117,165,0,23.59,2.1,0
16687680870,2024-08-06 09:50:29,strength_training,3005.92,0,500,129,157,0,55.03,3,0.1
16691649535,2024-08-06 17:20:43,walking,4042.78,1312.61,291,89,116,8.85,3.5,0.4,0
16695811116,2024-08-07 06:06:26,strength_training,1918.57,0,328,126,150,0,35.73,2.5,0.1
16699204658,2024-08-07 13:37:47,walking,3204.12,1400.16,232,92,124,17.07,5.89,0.6,0
16699204843,2024-08-07 14:31:56,mountain_biking,920.75,2323.32,92,98,123,9.26,4.7,0.5,0
16708682905,2024-08-08 15:56:05,walking,1128.21,219.09,112,99,124,13.26,4.48,0.5,0
16712121152,2024-08-08 17:10:26,walking,770.96,94.35,46,80,95,0,1.08,0.1,0
16715031536,2024-08-09 10:27:44,strength_training,3136.05,0,540,128,160,0,64.05,3,1
16716144091,2024-08-09 13:26:59,mountain_biking,1946.44,5112.08,229,107,128,29.97,10.88,1.2,0
16722978456,2024-08-10 10:20:05,strength_training,2869.19,0,370,114,139,0,19.41,2,0
16735157766,2024-08-11 12:01:54,mountain_biking,9995.8,27513.73,1142,112,164,338.79,48.69,2.6,1.1
16739902848,2024-08-12 07:44:19,strength_training,3177.03,0,357,108,134,0,11.94,1.3,0
16740548517,2024-08-12 09:19:24,treadmill_running,3252.99,4546.16,272,94,111,0,4.53,0.5,0
16743506166,2024-08-12 16:54:39,running,1562.6,3823.06,351,148,177,34.33,69.95,3.2,0
16744103542,2024-08-12 17:54:33,walking,2278.03,906.73,200,95,143,7.21,7.66,0.8,0
16749124885,2024-08-13 09:02:50,mountain_biking,1885.62,3581.98,192,100,120,16.72,6.1,0.7,0
16750079801,2024-08-13 11:43:35,treadmill_running,1355.22,3052.78,259,130,160,0,38.69,2.5,0.1
16751166750,2024-08-13 13:54:03,mountain_biking,962.63,2503.26,144,114,131,9.41,10.96,1.2,0
16753317143,2024-08-13 17:36:05,walking,2586.05,1003.88,204,91,125,7.01,3.24,0.3,0
16759797164,2024-08-14 12:44:40,treadmill_running,1561.87,3013.67,283,128,158,0,38.8,2.6,0
16771650016,2024-08-15 14:58:37,walking,12758.47,8592.98,926,92,117,93.38,4.19,0.4,0
16789953333,2024-08-17 18:46:08,walking,3680.52,4011.51,298,82,100,27.83,3.85,0.4,0
16793703219,2024-08-18 11:17:49,walking,256.82,291.09,27,102,108,1.25,1.58,0.1,0
16794153950,2024-08-18 11:40:27,treadmill_running,1618.33,3005.47,187,107,122,0,10.07,1.1,0
16795948400,2024-08-18 14:45:53,strength_training,2364.6,0,339,117,159,0,29.27,2.3,0
16802368109,2024-08-19 10:18:09,walking,4476.36,4666.99,384,85,106,41.26,4.52,0.5,0
16811619719,2024-08-20 12:04:19,strength_training,2111.73,0,266,111,137,0,14.91,1.7,0
16812345884,2024-08-20 13:04:55,walking,632.72,914.54,54,88,106,1.02,2.49,0.2,0
16813865446,2024-08-20 16:58:29,walking,224.32,224.95,19,89,102,0,0.89,0.1,0
16814519506,2024-08-20 17:02:57,walking,2876.25,4261.1,332,109,123,43.35,14.67,1.6,0
16824301404,2024-08-21 18:37:51,walking,1559.39,233.18,164,103,126,1.01,6.92,0.8,0
16829404864,2024-08-22 10:25:07,walking,2797.76,3919.5,308,112,123,33.46,12.04,1.3,0
16838907162,2024-08-23 11:55:39,walking,4639.69,5176.07,495,104,144,75.44,13.39,1.5,0
16845207534,2024-08-24 08:32:12,treadmill_running,761.97,1182.93,68,93,101,0,2.59,0.3,0
16850755834,2024-08-24 18:21:42,walking,4205.74,1693.48,341,96,118,10.35,4.26,0.4,0
16854865317,2024-08-25 09:21:49,treadmill_running,5653.98,10082.47,695,116,174,0,59.92,2.7,1.9
16856476113,2024-08-25 12:41:33,strength_training,3558.17,0,679,138,170,0,105.2,3.6,1
16859000780,2024-08-25 17:28:06,walking,2713.11,319.52,240,99,120,9.6,4.95,0.5,0
16863899468,2024-08-26 10:54:24,strength_training,3706.98,0,464,116,154,0,37.11,2.5,0.1
16866667750,2024-08-26 17:00:20,walking,2707.56,3646.15,295,109,126,36.78,12.14,1.2,0
16871968458,2024-08-27 09:12:50,treadmill_running,1255.67,2307.07,160,110,167,0,21.52,2,0.1
16876139183,2024-08-27 16:51:13,walking,3380.34,4469.62,356,102,121,38.02,13.89,1.3,0
16880755137,2024-08-28 07:40:23,treadmill_running,623.08,1258.45,79,108,136,0,7.92,0.7,0
16890043272,2024-08-29 07:38:50,strength_training,3023.16,0,468,124,153,0,41.42,2.5,0.1
16893923391,2024-08-29 16:55:08,walking,3439.04,4303.95,329,101,120,40.43,10.21,1,0
16902257045,2024-08-30 05:41:21,hiking,18152.07,12427.51,2549,134,168,1366.2,190.83,4.2,2.3
16899453054,2024-08-30 11:00:34,hiking,176.37,151.99,27,115,127,2.36,2.96,0.2,0
16902275628,2024-08-30 11:04:38,hiking,23189.48,13563.9,2642,129,172,548.51,128.24,3.5,2
16909003716,2024-08-31 13:26:02,mountain_biking,1184.47,1892.39,135,104,122,11.84,7.43,0.7,0
16909748127,2024-08-31 13:53:23,mountain_biking,2024.87,5079.91,209,102,132,39.64,7.13,0.6,0
16926798773,2024-09-02 15:02:08,walking,969.09,67.57,47,75,106,0,1.22,0.1,0
16937310549,2024-09-03 16:59:42,walking,2957.54,4379.49,327,97,113,43.38,12.99,1.2,0
16942526423,2024-09-04 07:32:08,walking,1093.07,1529.75,111,96,109,11.91,5.04,0.4,0
16943367738,2024-09-04 09:06:50,strength_training,4279.23,0,595,124,151,0,44.61,2.5,0
16946428552,2024-09-04 16:52:58,walking,1296.3,260.55,86,85,110,4.81,2.48,0.2,0
16948383899,2024-09-04 19:01:39,walking,4809.89,6234.88,453,100,116,66.38,14.26,1.3,0
16951421945,2024-09-05 06:03:34,strength_training,3725.88,0,569,128,156,0,50.78,2.6,0
16951650447,2024-09-05 07:29:26,walking,1203.76,1610.5,123,109,133,15.52,7,0.6,0
16952287916,2024-09-05 09:41:56,walking,521.81,609.57,71,121,136,6.65,5.95,0.5,0
16956047498,2024-09-05 18:07:26,walking,1891.91,578.42,103,78,114,1.1,2.06,0.1,0
16959974423,2024-09-06 06:15:46,treadmill_running,1966.18,4007.95,250,113,144,0,18.56,1.7,0
16960465005,2024-09-06 07:49:37,walking,2153.08,0,261,111,130,0,13.2,1.2,0
16960908387,2024-09-06 09:47:36,walking,252.87,333.98,28,110,119,2.37,1.97,0.1,0
16972846437,2024-09-07 15:49:19,strength_training,3686.13,0,545,123,157,0,44.75,2.5,0
16974142470,2024-09-07 18:50:31,mountain_biking,542.4,1276.59,55,98,124,12.1,3.62,0.3,0
16974510913,2024-09-07 19:37:17,mountain_biking,464.89,1293.31,43,94,114,6.58,2.31,0.2,0
16977803506,2024-09-08 06:27:24,mountain_biking,10627.2,41935.78,1095,112,171,485.38,95.44,3.2,0.8
16990512991,2024-09-09 17:24:14,strength_training,3570.83,0,458,117,145,0,25.51,2.1,0
16990984232,2024-09-09 18:51:46,treadmill_running,1200.83,1838.53,150,110,120,0,8.21,0.7,0
16995016984,2024-09-10 07:52:21,treadmill_running,1276.12,2011.47,137,105,120,0,6.24,0.5,0
17016629949,2024-09-12 17:18:14,walking,2303.87,390.45,95,72,103,0,1.29,0.1,0
17024323039,2024-09-13 16:23:59,walking,1969.81,487.91,178,100,118,4.8,6.52,0.6,0
17024523821,2024-09-13 17:04:59,mountain_biking,1125.11,2710.32,117,101,119,15.05,5.38,0.5,0
17042099556,2024-09-15 17:12:03,walking,1536.79,1074.23,123,93,122,12.08,3.94,0.3,0
17050222475,2024-09-16 17:17:50,walking,4666.18,1554.88,253,79,109,5.4,2.42,0.2,0
17103920991,2024-09-22 18:16:41,mountain_biking,3458.1,2972.96,265,91,120,19.77,4.51,0.5,0
17142374334,2024-09-27 07:08:04,hiking,19096.72,20596.27,1525,95,165,1010.73,89.56,3.4,0.6
17218039390,2024-10-06 14:06:18,walking,5243.65,1723.78,286,78,109,29.73,2.48,0.3,0
17271813474,2024-10-07 17:05:35,walking,1718.65,1639.43,118,81,103,5.2,5.58,0.7,0
17271814790,2024-10-09 19:31:55,walking,1453.12,1423.18,146,104,120,5.03,6.17,0.7,0
17281029514,2024-10-14 09:18:13,hiking,7100.75,3767.93,521,93,142,181.48,19.85,2,0
17313684918,2024-10-17 08:01:04,hiking,29851.98,16890.7,2584,105,147,1424.57,39.55,2.6,0
17316207806,2024-10-18 15:55:14,walking,3152.69,829.9,215,87,115,8.54,2.64,0.3,0
17340126798,2024-10-21 15:32:44,walking,1687.7,434.05,185,108,121,2.21,9.01,1,0
17341017464,2024-10-21 17:07:03,walking,2809.58,1999.94,202,86,105,9.7,3.3,0.3,0
17356376142,2024-10-23 13:07:40,walking,1931.07,432.65,212,108,128,3.26,10.35,1.1,0
17381661338,2024-10-26 14:25:10,walking,4793.78,4012.11,423,99,137,151.15,9.85,1.1,0
17383941664,2024-10-26 20:00:43,walking,692.08,933.09,94,121,139,2.18,7.05,0.9,0
17392291517,2024-10-27 14:58:15,walking,6698.31,2610.27,379,79,104,23.12,2.4,0.3,0
17408053753,2024-10-29 16:38:43,walking,2981.24,2845.91,276,93,112,14.76,9.26,1.2,0
17415620988,2024-10-30 14:26:38,walking,2071.19,1376.15,186,97,127,2.19,8.2,1.1,0
17432613743,2024-11-01 11:51:02,walking,3129.41,2022.99,280,101,120,7.19,6.87,0.9,0
17439056180,2024-11-02 12:47:23,walking,5937.28,3456.2,394,75,104,38.36,4.26,0.5,0
17455761155,2024-11-04 13:56:34,walking,345.65,100.08,38,101,117,1.12,2.27,0.3,0
17455761358,2024-11-04 14:09:55,walking,2900.45,1644.75,258,100,119,0,6.95,0.9,0
17456760493,2024-11-04 17:05:15,walking,1023.74,950.35,96,93,103,3.71,3.4,0.4,0
17470755954,2024-11-06 10:15:30,strength_training,3293.33,0,418,115,150,0,21.14,2.2,0
17470945132,2024-11-06 11:11:04,treadmill_running,1209.9,1874.3,173,116,135,0,11.93,1.6,0
17472849788,2024-11-06 15:34:40,walking,1907.6,632.71,154,92,109,0,3.3,0.4,0
17478468438,2024-11-07 09:38:16,strength_training,1248.05,0,163,113,146,0,14.92,2,0
17481539126,2024-11-07 17:37:03,walking,231.74,250.05,21,91,100,2.34,1.09,0.1,0
17534446698,2024-11-10 19:44:16,walking,948.55,1035.54,107,98,114,14.59,5.36,0.7,0
17534447085,2024-11-13 07:38:45,hiit,483.02,0,70,114,135,0,7.44,1,0
17534448892,2024-11-13 08:05:06,walking,3380.35,3644.7,323,94,114,25.18,6.84,0.9,0
17534449247,2024-11-13 17:36:03,strength_training,686.84,0,98,114,128,0,8.2,1.1,0
17534449717,2024-11-14 09:09:28,hiit,485.24,0,90,129,156,0,15.23,2,0
17537710252,2024-11-14 17:32:19,walking,4210.8,6585.51,520,121,138,60.72,23.64,2.3,0
17544237351,2024-11-15 15:23:10,walking,3545.67,1705.25,356,108,134,2.14,12.75,1.7,0
17559648840,2024-11-17 12:59:41,walking,5264.01,4701.9,497,102,135,198.96,13.11,1.7,0
17582836606,2024-11-20 15:26:49,walking,2036.74,2583.74,201,91,114,25.39,6.68,0.9,0
17641900044,2024-11-21 16:16:35,walking,1307.33,1175.58,139,106,128,10.44,6.22,0.8,0
17641901067,2024-11-21 19:49:53,walking,938.26,989.88,108,105,123,11.82,5.47,0.7,0
17641902078,2024-11-22 22:46:15,walking,751.49,986.18,84,97,114,3.16,4.45,0.6,0
17641903010,2024-11-25 17:25:55,walking,713.05,1063.23,69,96,118,0,4.05,0.5,0
17643679906,2024-11-28 17:32:56,walking,3659.48,3552.11,324,99,123,30.14,7.56,1,0
17873190942,2024-12-30 14:39:41,walking,3280.19,3210.3,239,76,102,14.4,3.76,0.5,0
17881177533,2024-12-31 13:38:34,running,3127.61,5639.31,526,145,180,36.19,73.82,3.5,0
17922714035,2025-01-05 13:05:07,walking,7740.03,4905.64,548,87,120,41.03,4.04,0.5,0
17958629901,2025-01-09 18:56:52,treadmill_running,605.37,712.09,62,98,107,0,2.7,0.3,0
17959469083,2025-01-09 19:47:58,treadmill_running,2776.03,4224.37,367,115,158,0,24.44,2.3,0
17964222511,2025-01-10 12:23:33,treadmill_running,2704.25,4570,273,103,112,0,9.42,1.2,0
17970240935,2025-01-11 06:11:57,treadmill_running,1802.6,3265.98,180,100,109,0,6.72,0.9,0
17973210946,2025-01-11 13:20:04,walking,3076.78,903.67,350,112,135,7.24,11.43,1.5,0
17983095104,2025-01-12 12:45:01,walking,9150.08,2227.17,688,90,120,25.13,4.38,0.6,0
17990503006,2025-01-13 12:43:03,treadmill_running,1788.08,2771.09,240,114,121,0,13.36,1.8,0
17992733339,2025-01-13 17:31:35,treadmill_running,1725.18,2231.29,159,96,109,0,4.05,0.5,0
17998401541,2025-01-14 09:50:02,treadmill_running,2646.19,5059.79,368,116,151,0,22.81,2.2,0
18000758014,2025-01-14 14:48:31,walking,3046.59,378.5,240,90,117,2.42,3.5,0.4,0
18025256015,2025-01-15 18:25:44,walking,434.23,653.75,57,102,112,12.99,3.96,0.5,0
18025257225,2025-01-16 07:13:35,treadmill_running,2401.02,3504.69,203,93,109,0,3.48,0.4,0
18026669681,2025-01-17 12:46:42,treadmill_running,2770.29,3989.77,265,101,118,0,6.43,0.8,0
18065175277,2025-01-19 11:44:04,walking,3756.67,1835.09,291,92,112,55.95,4.58,0.6,0
18065177883,2025-01-21 15:39:01,treadmill_running,2679.98,4016.15,229,95,108,0,3.98,0.5,0
18072760972,2025-01-22 12:53:10,walking,11842.04,6262.72,1285,118,153,573.46,32.88,2.6,0
18160213481,2025-01-29 12:49:00,walking,3137.4,2087.13,324,105,143,130.29,16.68,2,0
18160214189,2025-01-30 10:05:06,treadmill_running,2658.12,3479.07,307,109,121,0,12.25,1.6,0
18160214810,2025-01-31 11:02:18,treadmill_running,2752.23,4284.43,333,111,122,0,14.4,1.9,0
18160215202,2025-02-01 15:06:31,walking,815.79,182.24,74,93,110,2.08,2.72,0.3,0
18160215434,2025-02-01 15:29:07,walking,1998.98,864.31,205,103,117,6.36,6.67,0.9,0
18174334633,2025-02-03 07:19:27,walking,1244.09,755.1,132,96,121,22.77,7.04,0.9,0
18180215582,2025-02-03 20:12:01,treadmill_running,1204.96,2031.02,152,108,125,0,7.95,1,0
18183831805,2025-02-04 08:25:06,treadmill_running,1809.2,2886.25,199,104,115,0,7.82,1,0
18184609725,2025-02-04 10:54:51,treadmill_running,929.5,1355.33,75,88,112,0,2.37,0.3,0
18196646997,2025-02-05 15:49:41,treadmill_running,1983.73,2645.22,194,100,109,0,6.83,0.9,0
18199030593,2025-02-05 20:08:44,walking,851.33,1025.75,113,107,119,17.24,6.83,0.9,0
18206656561,2025-02-06 17:29:14,walking,2501.38,3474.82,285,113,135,33.22,11.4,1.5,0
18213625056,2025-02-07 14:28:05,walking,937.22,322.66,123,110,131,11.57,7.77,1,0
18875858144,2025-04-19 17:21:10,walking,8132.77,4237.81,767,102,132,11.98,8.58,1.1,0
18888438658,2025-04-21 08:55:50,treadmill_running,2756.93,5004.22,450,122,157,0,40.16,2.8,0.2
18898889530,2025-04-22 08:18:57,walking,5094.09,2213.54,449,99,125,10.33,6.72,0.9,0
18939192470,2025-04-26 11:30:05,walking,4670.25,3981.93,553,112,136,21.84,16.08,2,0
18960909432,2025-04-28 15:43:09,treadmill_running,2717.78,5108.46,442,122,156,0,42.73,2.9,0
18972708350,2025-04-29 16:57:59,walking,5863.18,1778.35,416,86,109,5.45,2.62,0.3,0
18975619082,2025-04-29 23:11:33,treadmill_running,569.26,939.2,53,92,98,0,2.08,0.2,0
18995394065,2025-05-01 17:12:13,walking,9657.72,8083.18,878,92,136,145.92,18.1,2.1,0
19035729602,2025-05-04 15:05:22,walking,3370.76,1811.17,259,83,117,6.52,4.2,0.5,0
19035730673,2025-05-05 18:29:11,walking,1473.32,1282.58,179,110,128,19.74,7.12,0.9,0
19042618663,2025-05-06 16:45:45,walking,3449.23,4315.46,385,105,119,34.78,13.07,1.7,0
19044651542,2025-05-06 20:07:06,walking,1235.03,874.13,178,116,136,2.09,11.29,1.5,0
19052970522,2025-05-07 17:06:04,walking,2520.51,2750.52,283,113,132,31.63,9.57,1.3,0
19054623487,2025-05-07 19:02:50,walking,3960.41,2287.03,404,107,130,5.09,9.66,1.3,0
19062259113,2025-05-08 15:23:14,strength_training,2664.75,0,476,127,161,0,53.71,3.1,0.1
19073897583,2025-05-09 19:14:19,walking,1467.35,728.65,118,87,103,3.65,2.93,0.4,0
19091146949,2025-05-11 11:41:25,hiking,5610.34,4921.6,787,118,160,309.35,44.85,3,0
19101438192,2025-05-12 16:17:48,treadmill_running,399.41,625.77,54,107,128,0,4.57,0.6,0
19101893820,2025-05-12 16:31:46,strength_training,2654.09,0,427,122,156,0,37.1,2.7,0.1
19101999454,2025-05-12 17:17:13,treadmill_running,607.98,1077.16,131,140,172,0,30.24,2.5,0
19112803237,2025-05-13 16:59:27,walking,3008.59,4069.08,352,115,128,38.16,13.73,1.8,0
19122749059,2025-05-14 15:02:18,treadmill_running,393.66,702.13,53,107,130,0,5.45,0.7,0
19122750790,2025-05-14 15:24:12,strength_training,2531.04,0,399,123,161,0,38.03,2.6,0.6
19122830557,2025-05-14 16:08:14,treadmill_running,1124.96,1818.54,203,127,156,0,23.98,2.2,0.2
19131490330,2025-05-15 12:33:02,walking,2258.22,775.39,200,94,118,7.89,3.42,0.4,0
19133417123,2025-05-15 16:35:13,walking,1321.2,322.88,118,92,123,6.51,3.14,0.4,0
19154300315,2025-05-17 17:44:34,walking,4368.39,3111.52,442,104,128,14.38,10.09,1.3,0
19165246531,2025-05-18 19:25:36,walking,1894.64,884.69,159,91,111,8.82,3.02,0.4,0
19169341931,2025-05-19 10:30:10,treadmill_running,2869.7,4728.06,402,117,132,0,18.79,2.1,0
19222274966,2025-05-24 16:00:58,walking,4841.1,1421.21,408,96,124,11.28,5.35,0.7,0
19230527301,2025-05-25 14:23:02,walking,2019.38,1794.07,258,113,153,9.51,14.59,1.9,0
19232704619,2025-05-25 16:24:26,cycling,3934.25,6517.05,368,95,124,42.32,6.57,0.7,0
19365851632,2025-06-08 08:48:30,walking,1610.15,499.89,153,97,114,3.82,3.73,0.5,0
19371510559,2025-06-08 17:50:37,walking,1369.08,488.37,160,107,126,5.55,6.78,0.9,0
19511796108,2025-06-22 14:10:17,mountain_biking,5159.63,9500.34,705,117,147,92.62,35.27,2.5,0
19542917282,2025-06-25 18:15:31,walking,2809.81,2029.27,265,97,122,14.34,6.32,0.8,0
19575583420,2025-06-29 02:32:20,hiking,8881.71,7259.71,999,106,171,538.36,109.46,4.2,2.1
19592479395,2025-06-30 20:13:45,walking,1671.68,640.97,157,97,126,3.92,3.9,0.6,0
19609892996,2025-07-02 10:43:33,walking,10097.33,2662.67,743,89,124,19.55,4.47,0.7,0
19641925168,2025-07-05 18:31:35,cycling,1003.96,2513.45,114,98,117,11.79,4.95,0.5,0
19651747152,2025-07-06 16:36:46,walking,7898.43,2577.8,646,94,129,16.24,4.22,0.7,0
19670617489,2025-07-08 17:44:50,walking,2662.18,1741.78,249,96,122,6.56,5.25,0.8,0
19690985748,2025-07-10 16:47:35,walking,2118.34,1081.77,237,109,131,3.83,8.71,1.4,0
19707618604,2025-07-12 10:28:41,treadmill_running,3395.58,5108.31,362,106,126,0,12.6,2,0
19712726755,2025-07-12 19:08:42,walking,2393.77,2059.61,208,98,117,12.08,3.68,0.6,0
19722785386,2025-07-13 18:25:34,walking,2359.79,1898.49,215,97,128,4,4.42,0.7,0
19904172010,2025-07-31 11:37:43,walking,1889.42,1657.56,168,92,119,33.58,4.68,0.7,0
19972105469,2025-08-06 17:41:31,walking,3269.75,1851.96,250,88,129,12.55,4.72,0.7,0
19973998323,2025-08-06 20:37:42,walking,1805.51,2067.83,171,93,119,8.98,4.76,0.7,0
19994399576,2025-08-08 19:21:54,walking,1243.49,306.06,103,92,105,1.11,2.78,0.4,0
20015061821,2025-08-10 17:50:45,walking,2266.37,866.44,148,84,103,15.54,3.18,0.5,0
20068529839,2025-08-15 14:33:59,cycling,11423.26,29757.38,1938,138,196,339.56,320.36,5,3.9
20090285705,2025-08-17 17:33:51,walking,5723.94,2934.68,384,89,117,32.96,3.71,0.6,0
20119717495,2025-08-20 05:07:10,hiking,29004.33,20705.77,3365,126,157,1352.93,121.12,4.7,0.9
20138166235,2025-08-22 08:20:41,treadmill_running,3020.63,4331.28,300,107,116,0,11.6,1.9,0
20182740842,2025-08-26 13:01:19,treadmill_running,895.92,1238.54,159,128,144,0,21.95,2.4,0
20182750816,2025-08-26 13:17:55,strength_training,3264.68,0,527,129,164,0,46.21,3.1,0.5
20183775871,2025-08-26 15:16:26,walking,2633.23,981.66,267,106,127,85.52,8.39,1.4,0
20185993690,2025-08-26 18:42:37,walking,1857.94,347.4,198,107,131,12.36,9.97,1.6,0
20197056118,2025-08-27 15:59:23,walking,5156.91,3092.9,404,90,123,110.6,5.23,0.7,0
20206454567,2025-08-28 11:31:49,mountain_biking,12247.08,35017.72,1684,122,154,611.27,49.07,2.9,0
20215237785,2025-08-29 11:44:34,walking,7160.71,4037.4,588,92,147,210.99,19.13,2.1,0
20223202968,2025-08-30 07:18:38,hiking,15835.54,13079.81,1207,97,158,537.36,17.99,2,0.1
20225172009,2025-08-30 14:54:47,walking,1020.2,561.9,87,94,108,9.04,2.86,0.3,0
20416635470,2025-09-17 18:18:06,walking,2928.54,1880.8,340,112,152,9.77,16.38,2.1,0
20478974530,2025-09-23 18:45:50,walking,4639.15,623.39,325,88,129,9.94,4.29,0.7,0
20497948617,2025-09-25 18:08:12,treadmill_running,582.13,907.96,53,94,109,0,2.35,0.3,0
20514055598,2025-09-27 11:35:46,walking,2658.55,1836.93,229,95,120,13.04,5.96,0.7,0.2
20518521486,2025-09-27 18:09:11,walking,3590.65,1878.28,325,99,127,9.36,6.25,1,0
20540052388,2025-09-29 18:36:47,walking,233.68,210.48,28,104,123,2.34,2.08,0.3,0
20608555006,2025-10-06 18:38:53,walking,2245.98,1771.72,197,92,108,12.79,5.21,0.8,0
20618700079,2025-10-07 19:19:20,walking,1463.16,1402.28,143,89,129,9.94,8.17,1.3,0
20655022325,2025-10-11 12:38:21,walking,2735.38,2504.05,234,83,115,23.51,3.94,0.6,0
20657451194,2025-10-11 16:35:19,walking,1834.99,1279.37,132,81,96,11.96,2.89,0.4,0
20667151312,2025-10-12 14:59:43,walking,3477.66,3067.43,325,99,120,25.12,6.77,1.1,0
20669365881,2025-10-12 18:23:00,walking,1485.76,1323.78,134,94,118,13.35,3.7,0.6,0
20675060440,2025-10-13 12:04:17,walking,5424.82,3525.84,513,105,130,64.68,7.81,1.3,0
20676437517,2025-10-13 15:30:20,walking,1258.54,1030.91,130,104,138,5.14,5.77,0.9,0
20676439891,2025-10-13 15:59:15,walking,1534.95,628.07,181,111,137,22.64,11.24,1.8,0
20678264496,2025-10-13 18:41:16,walking,1813.78,1305.39,262,127,144,15.44,23.46,2.4,0
20697168855,2025-10-15 15:52:16,treadmill_running,1789.35,2490.04,224,112,121,0,12.02,2,0
20700105514,2025-10-15 20:20:27,treadmill_running,1799.17,2613.78,227,113,121,0,12.51,2,0
20709370069,2025-10-16 15:09:34,walking,5371.5,5440.56,511,105,129,35.45,9,1.5,0
20716038395,2025-10-17 12:52:59,walking,6346.59,3038.69,448,87,120,36.91,3.52,0.5,0
20735608121,2025-10-19 13:23:51,walking,746.05,763.99,67,95,123,10.34,2.48,0.4,0
20785783743,2025-10-24 18:33:36,walking,2567.65,3266.13,279,102,126,39.87,11.48,1.9,0
20790328980,2025-10-25 10:49:03,walking,305.38,421.97,37,81,89,1.04,2.71,0.4,0
20790463737,2025-10-25 11:01:28,treadmill_running,310.71,1009.36,79,167,179,0,41.44,2.9,1.1
20795591837,2025-10-25 11:11:26,treadmill_running,330.03,103.87,53,120,127,0,6.39,1,0
20800207342,2025-10-26 09:29:48,walking,5224.07,5219.2,466,91,132,32.74,8.59,1.4,0
20803654704,2025-10-26 15:01:15,running,1892.23,5012.3,476,161,182,81.16,204.12,5,2.7
20803821293,2025-10-26 15:37:03,walking,1214.72,1224.73,150,121,135,29.6,9.56,1.5,0
20813641439,2025-10-27 17:44:08,strength_training,3530.24,0,437,116,145,0,23.34,2.4,0
20817863105,2025-10-28 06:39:33,walking,2863.73,4408.15,368,105,138,47.67,25.15,2.5,0
20818268683,2025-10-28 08:32:55,strength_training,241.01,0,19,87,95,0,0.88,0.1,0
20833410248,2025-10-29 17:23:40,walking,4426.48,4333.08,463,103,136,127.38,12.38,2,0
20834870472,2025-10-29 20:38:13,walking,1614.37,1448.24,159,96,125,52.65,6.36,1,0
20837388600,2025-10-30 06:36:04,walking,141.32,141.37,17,99,106,6,1.27,0.2,0
20843271883,2025-10-30 18:47:48,running,2117.65,5214.33,500,161,177,88.88,124.15,4.8,0.1
20844046183,2025-10-30 20:20:24,walking,1691.82,1529.5,176,111,131,34.98,6.2,0.8,0
20852129508,2025-10-31 18:50:34,treadmill_running,221.02,336.63,24,95,109,0,1.57,0.2,0
20852397446,2025-10-31 18:58:29,treadmill_running,1853.07,5000,451,150,167,0,142.6,4.7,0
20855669065,2025-11-01 08:18:52,walking,981.18,1065.66,90,83,96,1.03,3.6,0.4,0
20856254762,2025-11-01 09:47:21,walking,745.14,841.94,70,97,108,4.82,3.09,0.3,0
20861157646,2025-11-01 17:07:21,walking,1403.6,767.25,107,86,117,26.4,3.45,0.4,0
20865646820,2025-11-02 08:52:49,strength_training,1108.11,0,116,100,126,0,6.83,0.7,0
20865733199,2025-11-02 09:15:36,treadmill_running,549.15,1174.22,105,127,153,0,25.54,2.2,0
20866538041,2025-11-02 09:28:19,treadmill_running,4678.31,10500,1198,159,173,0,407.04,5,0.4
20873776120,2025-11-02 20:58:54,strength_training,2098.88,0,164,91,116,0,4.08,0.3,0
20880711253,2025-11-03 17:21:00,treadmill_running,2102.2,3200,211,98,108,0,8.47,0.7,0
20885695846,2025-11-04 06:35:15,strength_training,2402.78,0,258,104,151,0,17.87,1.6,0
20891237151,2025-11-04 18:04:11,running,470.86,916.94,79,119,154,13.83,14.64,1.3,0
20891634928,2025-11-04 18:12:46,running,2050.15,5263.17,500,160,169,39.13,151.12,4,0.1
20892492512,2025-11-04 19:18:16,walking,2474.42,1969.57,277,113,134,40.67,10.2,0.9,0
20902628704,2025-11-05 18:29:00,running,2432.25,5000,432,136,156,45,49.08,2.5,0
20903648825,2025-11-05 20:52:48,walking,1554.6,1294.28,162,108,129,23.88,6.57,0.5,0
20911350943,2025-11-06 17:41:19,treadmill_running,730.05,930.41,50,85,96,0,1.62,0.1,0
20911423570,2025-11-06 17:56:40,walking,241.82,388.16,32,113,123,10.45,3.08,0.2,0
20911792581,2025-11-06 18:27:41,walking,382.38,531.93,52,118,129,16.16,5.09,0.4,0
20912479383,2025-11-06 19:33:54,walking,522.33,794.44,67,110,119,9.3,5.05,0.4,0
20917056466,2025-11-07 09:19:49,strength_training,3112.09,0,418,117,146,0,28.8,2.1,0
20924004991,2025-11-08 02:03:00,walking,1913.04,2987.2,237,107,150,23.6,15.53,1.3,0
20924462517,2025-11-08 04:14:20,walking,2564.63,3768.8,381,127,159,48.29,42.37,2.4,0
20928197844,2025-11-08 13:21:22,walking,2049.25,1793.41,191,101,119,17.07,4.76,0.4,0
20932348413,2025-11-08 21:07:18,walking,1789.09,1392.12,153,92,107,14.51,3.72,0.3,0
20936140046,2025-11-09 10:47:57,walking,1712.84,1487.71,139,89,106,10.59,3.47,0.3,0
20940746965,2025-11-09 17:18:05,walking,1321.21,1377.79,149,102,132,75.74,15.76,1.3,0
20955896012,2025-11-11 11:23:37,walking,2267.81,1932.75,168,82,107,41.57,3.84,0.3,0
20968850556,2025-11-12 16:32:45,walking,1663.38,1510.38,138,88,109,32.14,3.89,0.3,0
20969308549,2025-11-12 17:16:46,treadmill_running,1834.36,2328.81,139,91,105,0,2.91,0.2,0
20970833099,2025-11-12 18:41:35,strength_training,2534.34,0,368,121,151,0,33.47,2.2,0
20975248317,2025-11-13 08:49:22,strength_training,2882.66,0,391,119,146,0,27.83,2.1,0
20977377178,2025-11-13 12:47:11,cycling,4630.37,12174.99,621,118,142,154.43,28.99,2.1,0
20979294180,2025-11-13 18:05:32,treadmill_running,467.68,711.63,66,114,135,0,8.6,0.7,0
20979690831,2025-11-13 18:13:57,treadmill_running,1888.33,5000,449,159,174,0,142.19,3.8,0.1
21001808291,2025-11-16 06:55:23,walking,5002.94,5432,466,96,116,49.55,9.53,0.8,0
21027094670,2025-11-18 20:12:58,walking,1993.25,1415.78,160,92,115,21.89,3.26,0.2,0
21035518258,2025-11-19 18:14:12,treadmill_running,2483.18,3342.77,242,105,119,0,8.55,0.7,0
21058342268,2025-11-22 10:47:32,walking,2700.04,2977.45,261,96,123,45.41,6.99,0.6,0
21060025447,2025-11-22 14:08:47,walking,1117.2,1332.58,135,111,134,12.32,12.98,1.1,0
21063453096,2025-11-22 20:50:25,treadmill_running,2409.56,5000,390,128,152,0,43.35,2.4,0
21066048332,2025-11-23 06:46:36,walking,6554.33,7633.01,628,100,122,47.62,15.56,1.3,0
21066576865,2025-11-23 09:56:19,walking,3.54,0,1,113,114,0,14.46,1.2,0
21067606001,2025-11-23 11:55:41,walking,191.65,48.57,18,95,102,0,1.07,0,0
21067611205,2025-11-23 11:59:10,incident_detected,15.28,0,1,98,100,0,0.12,0,0
21067859577,2025-11-23 12:01:08,walking,1029.73,796.15,95,100,122,14.72,3.71,0.3,0
21072591153,2025-11-23 20:33:27,walking,1825.86,1516.15,152,93,130,23.25,4.48,0.3,0
21109135035,2025-11-27 20:43:49,walking,2670.35,2042.08,213,91,115,27.57,4.31,0.3,0
21117003818,2025-11-28 21:30:00,walking,1789.93,1458,173,101,133,11.8,7.52,0.7,0
21120481213,2025-11-29 10:39:12,walking,1758.1,1773.4,155,90,113,20.39,4.18,0.3,0
21128151329,2025-11-30 08:21:37,strength_training,2994.4,0,490,130,163,0,56.65,3,0.3
21129217341,2025-11-30 10:13:32,walking,2536.16,1602.19,271,107,132,18.79,12.91,1.4,0
21131460058,2025-11-30 13:55:03,walking,1975.63,2079.37,175,98,110,11.79,5.35,0.6,0
21132914297,2025-11-30 16:57:05,treadmill_running,198.57,285.01,21,99,113,0,1.34,0.1,0
21133269829,2025-11-30 17:01:09,treadmill_running,2314.12,5500,506,155,186,0,155.64,4,2.4
21134859302,2025-11-30 21:34:39,walking,646.58,509.22,75,108,122,5.02,5.15,0.5,0
21150967100,2025-12-02 18:05:34,walking,2118.34,2995.5,228,103,128,20.43,10.61,1.2,0
21152385075,2025-12-02 20:31:34,walking,1514.78,1509.05,136,94,108,12.77,4.48,0.5,0
21162122012,2025-12-03 21:12:32,walking,1719.24,1504.65,146,95,117,25,3.62,0.4,0
21170842212,2025-12-04 21:16:02,walking,1325.35,1388.21,126,104,121,16.27,5.13,0.5,0
21178269984,2025-12-05 19:33:40,treadmill_running,1256.81,2164.19,164,115,165,0,28.06,2,0.9
21178974962,2025-12-05 21:28:21,walking,2217.68,1951.74,176,90,119,11.44,4.1,0.4,0
21184506595,2025-12-06 08:02:14,walking,18855.21,17641.35,2005,111,174,987.99,119.33,4.3,0
21192617640,2025-12-07 12:58:57,walking,407.85,431.78,40,91,108,7.99,2.85,0.3,0
21196032399,2025-12-07 19:01:59,walking,2221.65,2060.33,187,92,121,33.3,4.43,0.5,0
21214602672,2025-12-09 20:59:14,walking,1965.2,2043.5,179,98,111,9.07,5.8,0.6,0
21226977538,2025-12-11 09:01:00,treadmill_running,1205.23,2231.1,224,134,156,0,49.73,3.1,0
21227874335,2025-12-11 10:58:27,strength_training,3214.51,0,569,133,159,0,83.33,3.5,1.2
21229563071,2025-12-11 14:58:39,walking,1323.9,1422.62,129,110,121,8.28,5.17,0.7,0
21229736327,2025-12-11 15:24:02,walking,1256.02,1081.85,119,106,122,8.52,4.33,0.5,0
21230554789,2025-12-11 16:31:12,walking,3198.74,397.13,297,103,126,8.64,5.49,0.7,0
21232195282,2025-12-11 20:05:06,walking,1761.11,1396.73,139,89,122,16.63,3.24,0.4,0
21241748113,2025-12-12 23:25:21,treadmill_running,4852.56,6526.91,394,100,116,0,5.61,0.7,0
21248735171,2025-12-13 18:22:41,walking,2452.21,2642.13,247,109,122,18.67,9.76,1.1,0
21252636341,2025-12-14 09:46:07,strength_training,3196.51,0,421,120,146,0,26.99,2.2,0
21258507981,2025-12-14 20:51:05,walking,1487.76,1414.19,138,98,112,11.56,4.59,0.5,0
21275286906,2025-12-16 20:15:58,walking,1826.06,2280.56,178,101,116,13.16,7.41,0.8,0
21290784288,2025-12-18 16:14:43,walking,2164.28,2295.74,189,93,117,27.41,4.99,0.5,0
21292820641,2025-12-18 20:39:17,walking,1606.92,1537.48,133,90,106,14.7,3.4,0.3,0
21300833449,2025-12-19 21:17:19,walking,1852.65,1368.33,170,102,126,19.46,4.73,0.5,0
21308248646,2025-12-20 11:13:58,walking,486.78,416.1,53,106,118,5.86,3.28,0.4,0
21308249868,2025-12-20 13:36:57,walking,560.08,1062.91,49,84,128,4.18,2.6,0.3,0
21309086461,2025-12-20 20:17:03,walking,1295.68,1369.42,120,101,121,11.18,4.79,0.6,0
21324138905,2025-12-22 16:21:10,walking,2914.98,2966.99,273,102,119,26.12,8.21,1.1,0
21326102416,2025-12-22 20:49:40,walking,1492.81,1559.27,142,99,114,19.28,4.79,0.6,0
21346494303,2025-12-25 11:57:09,walking,1602.58,1489.51,153,97,114,33.33,7.14,0.8,0.1
21348706700,2025-12-25 16:40:08,walking,2498.36,2300.2,218,96,113,29.97,5.16,0.7,0
21349956496,2025-12-25 20:47:13,walking,2236.58,2119.9,195,93,110,37.53,4.32,0.5,0
21371186560,2025-12-28 10:06:19,walking,2137.76,1090.23,176,94,109,11.47,3.73,0.6,0
21375677779,2025-12-28 15:21:11,walking,5860.11,5411.22,544,103,130,128.24,9.26,1.5,0
21377615595,2025-12-28 20:39:58,walking,1782.88,1438.13,191,110,141,47.46,9.85,1.6,0
21385237594,2025-12-29 17:47:42,walking,1541.55,1370.29,137,98,120,20.09,4.2,0.7,0
21386796961,2025-12-29 21:12:11,walking,1162.7,1349.69,117,100,115,15.39,5.16,0.8,0
21437499579,2026-01-04 09:34:26,walking,3275.55,1668.86,200,83,128,47.01,2.84,0.4,0
21444512012,2026-01-04 20:40:10,walking,1710.95,1394.1,141,93,120,26.17,3.56,0.5,0
21453009650,2026-01-05 18:21:43,walking,3172.45,4127.81,343,95,125,87.43,14.08,2,0
21461688787,2026-01-06 13:59:37,walking,5798.29,1407.83,438,96,134,52.04,7.11,1.1,0
21462418138,2026-01-06 16:30:34,walking,1178.63,479.23,107,100,121,8.61,3.67,0.6,0
21485872654,2026-01-08 20:36:36,walking,2575.73,1555.54,184,86,114,26.84,2.85,0.4,0
21509481518,2026-01-11 09:44:26,walking,3995.55,1721.7,317,94,122,50.64,4.64,0.7,0
21515674626,2026-01-11 17:43:50,walking,3946.2,1629.58,356,104,133,47.5,5.87,0.9,0
21537792450,2026-01-13 20:56:08,walking,2170.89,2013.94,203,95,113,40.28,4.69,0.7,0
21548967923,2026-01-14 20:50:48,walking,2973.39,1703.86,322,110,134,30.24,12.25,2,0
21577512907,2026-01-16 19:04:00,walking,2354.96,2217.24,302,117,137,49.54,16.96,2.2,0
21577513211,2026-01-17 11:15:10,walking,2853.15,1526.15,256,99,126,22.3,4.88,0.8,0
21577513396,2026-01-17 16:06:30,walking,1674.19,1485.01,132,86,103,13.79,2.97,0.5,0
21651152074,2026-01-21 11:13:03,walking,14381.59,17018.02,1509,103,145,490.37,27.27,2.6,0
21651163010,2026-01-23 12:31:08,walking,7828.72,4443.89,726,104,159,379.35,37.43,3,0.1
21653217227,2026-01-24 19:40:26,walking,1686.97,1483.79,141,93,114,22.6,3.53,0.5,0
21668323630,2026-01-26 11:09:32,walking,4759.37,2748.31,504,108,142,340.3,14.33,2.1,0
21669371148,2026-01-26 14:00:41,walking,1750.46,1339.3,114,81,101,0,2.36,0.3,0
21694796558,2026-01-28 20:51:25,walking,1787.67,1515.08,149,95,112,14.64,3.42,0.5,0
21728085060,2026-02-01 10:36:16,walking,1729.04,1549.36,160,102,117,35.16,4.57,0.7,0
21734732725,2026-02-01 20:46:32,walking,1488.96,1511.6,165,114,139,40.98,7.19,1.2,0
21755139146,2026-02-03 20:41:41,walking,1553.83,1552.78,158,106,136,17.03,8.48,1.4,0
21786044542,2026-02-06 20:43:06,walking,1395.31,1401.84,138,95,111,20.21,5.13,0.8,0
21846603986,2026-02-12 15:04:12,walking,7048.95,5883.76,601,98,126,59.56,10.03,1.6,0
21849360132,2026-02-12 20:50:32,walking,2374.42,1595.43,194,92,124,16.37,5.4,0.9,0
21862861480,2026-02-14 10:01:45,walking,2357.94,1625.28,181,86,115,23.43,4.55,0.7,0
21874052684,2026-02-15 11:30:31,walking,2044.47,1839.69,199,101,127,22.34,5.51,0.9,0
21877686596,2026-02-15 16:43:51,walking,1821.52,1520.6,196,113,127,22.22,6.82,1.1,0
21973715360,2026-02-24 20:05:05,walking,2052.81,2158.23,196,101,120,18.59,5.02,0.8,0
22131208041,2026-03-10 20:25:20,walking,4146.1,2215.35,295,89,130,26.59,5.22,0.8,0
22171467081,2026-03-14 15:12:29,walking,2623.45,3024.35,295,107,123,54.9,12.5,2,0
22172722528,2026-03-14 17:00:42,walking,2377.66,1024.44,263,106,144,16.89,15.92,2.1,0
22174083529,2026-03-14 19:39:53,walking,1735.81,1504.17,185,107,134,18.08,8.4,1.4,0
22182131862,2026-03-15 12:49:09,walking,7538.74,5506.56,378,,,68.14,5.34,0.8,0
22186175345,2026-03-15 20:51:18,walking,1619.58,1348.15,86,,,14.99,2.67,0.4,0
22205555561,2026-03-17 17:07:58,walking,4807.84,5235.37,458,99,133,42.13,14.92,2.1,0
22208314416,2026-03-17 20:33:23,walking,1394.92,1514.56,160,113,127,12.23,7.6,1.2,0
22230496618,2026-03-19 20:12:20,walking,1518.76,1318.91,169,108,122,16.47,7.42,1.2,0
22241935571,2026-03-20 21:29:53,walking,1575.59,1644.25,167,105,117,29.64,5.62,0.9,0
22264615346,2026-03-22 18:43:59,walking,3266.99,3015.98,321,98,122,42.84,8.86,1.4,0
22419391179,2026-04-05 18:41:43,walking,4605.46,3948.39,408,99,130,33.68,6.16,1,0
22466990761,2026-04-09 17:07:40,walking,1897.7,1664.1,204,110,137,28.74,7.54,1.2,0
22501777522,2026-04-12 12:47:31,walking,6354.75,2387.7,462,90,122,34.14,5.48,0.9,0
22504053163,2026-04-12 19:55:27,walking,2005.4,1318.36,164,90,120,11.76,3.34,0.5,0
22514859622,2026-04-13 20:52:42,walking,1527.08,1381.71,144,96,113,19.35,4.21,0.7,0
22539339595,2026-04-15 20:33:34,walking,1790.07,1441.72,179,102,128,18.69,4.48,0.7,0
22551410475,2026-04-16 20:55:32,walking,1223.16,1079.49,107,90,115,7.31,3.29,0.5,0
22590039399,2026-04-19 17:00:28,walking,4088.1,3023.08,380,103,125,36.2,6.42,1,0
22610659360,2026-04-21 21:05:03,treadmill_running,2617.17,3542.51,292,107,123,0,12.11,2,0
22633454398,2026-04-23 19:02:38,walking,2067.17,2995.15,216,103,134,29.27,6.47,1,0
22655086694,2026-04-25 11:28:08,hiking,18804.51,8230.12,1778,105,158,579.73,48.01,3.2,0
22661940018,2026-04-25 18:43:53,walking,2165.47,837.36,281,117,143,5.5,18.41,2.2,0
22668745619,2026-04-26 12:58:32,walking,8849.9,3005.53,567,83,125,93.6,4.17,0.6,0
22704445289,2026-04-29 18:35:26,walking,1301.51,69.87,167,111,134,2.17,11.06,1.8,0
22706259699,2026-04-29 20:40:44,walking,1666.06,1320.76,156,95,119,18.31,4.46,0.7,0
22762198056,2026-05-04 17:13:37,walking,1664.61,1452.83,173,107,123,16.58,5.79,0.9,0
22783189423,2026-05-06 12:04:05,walking,1355,1590.86,176,113,160,16.89,24.81,2.4,0.5
22784905743,2026-05-06 14:31:51,walking,2177.47,277.96,158,87,120,20.12,3.66,0.6,0
22824910164,2026-05-09 20:29:57,walking,1381.27,1349.4,130,93,121,11.2,4.17,0.6,0
22836254456,2026-05-10 19:39:40,walking,3931.86,2644.33,403,103,143,33.68,8.42,1.4,0
22866351532,2026-05-13 14:04:16,walking,2068.24,2672.44,243,95,135,35.4,13.36,2,0
22891339712,2026-05-15 17:22:04,walking,1432.54,1318.05,137,93,103,9.06,4.09,0.6,0
22946104415,2026-05-20 11:49:18,walking,3000.27,1678.57,291,102,127,19.3,5.91,0.9,0
22947287230,2026-05-20 13:52:28,walking,1937.34,1928.75,226,112,128,22.31,8.72,1.4,0
22947357562,2026-05-20 14:27:27,walking,271.52,201.74,38,110,124,2.21,3.05,0.5,0
22948533548,2026-05-20 15:43:12,walking,2671,1684.55,255,108,152,16.74,9.01,1.5,0
22949461691,2026-05-20 16:32:59,walking,4571.19,2953.24,437,100,134,26.19,6.82,1.1,0
22952054128,2026-05-20 20:24:39,walking,1601.6,1525.62,161,95,119,9.2,4.85,0.8,0
22975438668,2026-05-22 20:45:52,walking,2728.6,2173.5,238,94,114,24.63,4.01,0.6,0
22984391105,2026-05-23 14:55:42,walking,5916.88,2649.24,538,101,135,23.51,6.42,1,0
22986666759,2026-05-23 19:26:04,walking,1505.72,1323.24,147,100,122,5.48,4.55,0.7,0
22992067342,2026-05-24 10:44:12,walking,819.42,153.02,85,98,126,0,4.11,0.6,0
22998006456,2026-05-24 16:30:09,walking,5389.17,1618.78,389,88,120,14.15,4.1,0.6,0
23048046447,2026-05-28 20:27:56,walking,2332.87,1871.53,188,85,103,14.48,2.87,0.4,0
23060033445,2026-05-29 21:49:34,walking,1943.42,1415.97,190,95,118,13.87,4.95,0.8,0
23160931185,2026-06-07 08:53:10,hiking,8736.14,8089.14,797,101,125,432.11,10.1,1.6,0
23163002197,2026-06-07 12:09:07,hiking,7189.31,8133.05,468,83,114,6.81,4.28,0.7,0
23167349291,2026-06-07 19:16:01,walking,1775.42,1479.38,179,100,116,8.3,4.54,0.7,0
23224141300,2026-06-12 17:10:11,walking,564.73,706.38,81,107,120,25,6.95,1.1,0
23250359501,2026-06-14 20:37:35,walking,1514.3,567.45,188,108,132,5.27,9.98,1.6,0
23286491793,2026-06-17 20:16:15,walking,1811.4,1492.33,364,139,164,16.29,45.66,3.2,0
23328993965,2026-06-21 12:09:16,walking,11038.26,5662.72,882,93,140,102.34,6.01,1,0
23355906476,2026-06-22 13:10:46,walking,2764.78,1221.88,205,82,118,25.05,5.11,0.8,0
23355906670,2026-06-22 15:20:53,walking,784.47,1004.64,102,107,121,20.07,6.83,1.1,0
23355906869,2026-06-23 20:58:53,walking,1964.7,1415.54,191,102,120,15.26,5.32,0.8,0
23388905567,2026-06-26 20:46:08,walking,1640.93,1750.73,177,109,136,15.44,6.33,1,0
23397676621,2026-06-27 16:32:20,walking,1462.61,1499.75,149,101,117,12.06,4.73,0.7,0
23548547835,2026-07-10 16:27:41,walking,2799.97,2708.52,299,106,139,19.49,9.45,1.5,0
23548557353,2026-07-10 17:14:36,incident_detected,87.12,0.39,12,106,118,0,0.98,0.1,0
23550150151,2026-07-10 17:28:33,walking,2659.85,2916.96,323,112,135,53.82,12.98,2,0
23561232750,2026-07-11 16:37:02,walking,6256.77,6441.96,639,99,118,54.76,10.32,1.7,0
23562576919,2026-07-11 20:13:30,walking,1567.6,408.28,229,117,140,5.72,16.84,2.2,0
23570901554,2026-07-12 15:05:14,treadmill_running,2403.82,3493.99,242,103,113,0,6.6,1.1,0
23572369072,2026-07-12 16:59:20,treadmill_running,2718.39,4234.98,383,118,131,0,20.71,2.3,0
23655594408,2026-07-19 16:36:13,walking,2663.37,2158.45,235,94,125,19.43,3.93,0.6,0
23658159301,2026-07-19 20:40:19,walking,1890.95,1695.18,206,102,149,28.54,12,2,0
23668121378,2026-07-20 19:12:43,treadmill_running,2493.97,3055.66,179,87,109,0,2.69,0.4,0
23694750409,2026-07-22 19:59:28,treadmill_running,2905.75,4540,267,100,115,0,4.38,0.7,0
23718979048,2026-07-24 20:29:53,treadmill_running,1825.53,2350.97,197,104,141,0,11.58,1.9,0
23719066653,2026-07-24 21:05:24,treadmill_running,1095.49,1705.97,131,107,122,0,6.86,1.1,0
23725775900,2026-07-25 12:29:01,hiit,2098.55,0,310,123,164,0,47.92,3.2,0
23740990381,2026-07-26 09:12:14,hiking,30677.12,14473.58,2715,104,158,947.73,40.56,3,0.1
23765229158,2026-07-28 17:55:56,walking,1458.27,474.24,202,116,142,6.51,15.25,2.1,0
23767392471,2026-07-28 19:57:51,walking,3038.67,2854.93,261,85,107,17.09,5.2,0.8,0
23791605731,2026-07-30 19:11:55,walking,1815.5,1446.71,185,100,135,12.13,5.39,0.9,0
23804461877,2026-07-31 21:11:50,walking,1429.49,1535.41,133,97,110,10.52,4.31,0.7,0
23828330153,2026-08-02 19:43:38,treadmill_running,2776.84,3876.82,250,99,110,0,4.45,0.7,0
23840322427,2026-08-03 17:34:23,walking,736.84,1038.6,83,89,116,11.8,4.65,0.7,0
23840322579,2026-08-03 20:45:18,walking,1694.33,2081.62,170,103,114,15.32,6.22,1,0
23877578498,2026-08-06 18:50:05,walking,1228.63,1356.96,117,98,120,12.1,3.87,0.6,0
23892128857,2026-08-07 17:48:44,walking,899.2,718.09,87,89,105,10.09,3.8,0.6,0
23892129761,2026-08-07 19:51:37,walking,980.38,1233.65,106,91,106,6.67,4.95,0.8,0
23901399931,2026-08-08 15:56:02,walking,3682.57,2174.46,286,90,105,32.16,4.01,0.6,0
23903250228,2026-08-08 19:43:16,walking,1630.11,433.58,172,103,125,2.51,8.12,1.3,0
23903250396,2026-08-08 20:12:24,walking,1610.88,1349.92,130,87,104,15.54,3.01,0.5,0
23910745909,2026-08-09 13:35:26,walking,1893.95,1759.34,175,96,116,12.53,4.57,0.7,0
23915830302,2026-08-09 21:03:20,walking,1536.37,1564.67,130,82,97,16.82,3.59,0.6,0
23918646340,2026-08-10 07:26:53,treadmill_running,1225.36,1982.61,106,94,110,0,3.14,0.5,0
23925002056,2026-08-10 18:00:03,treadmill_running,1211.23,3000,265,144,161,0,68.42,3.7,0
23925349631,2026-08-10 18:36:53,walking,633.39,590.49,65,102,112,11.7,3.23,0.5,0
23938838748,2026-08-11 18:33:32,walking,1397.96,440.86,184,114,138,6.94,13.29,2,0
23940270505,2026-08-11 19:29:48,walking,3643.49,3089.13,284,83,101,29.95,3.89,0.6,0
23958314798,2026-08-12 20:13:46,walking,1896.36,1558.85,157,86,113,15.51,4.06,0.6,0
23958315988,2026-08-12 20:45:53,treadmill_running,1214.9,3024.73,253,138,147,0,49.54,3.2,0
23984696225,2026-08-14 18:38:53,walking,2278.05,704.94,224,102,132,13.07,7.58,1.2,0
23984699600,2026-08-14 20:16:50,walking,2548.61,1899.89,194,84,102,11.07,3.3,0.5,0
23984701043,2026-08-15 12:17:20,treadmill_running,1253.51,1822.48,97,90,98,0,2.47,0.4,0
23990631504,2026-08-15 20:41:24,walking,2593.14,2355.65,231,87,120,39.73,5.11,0.8,0
23991200655,2026-08-15 22:36:39,treadmill_running,1205.64,3000,260,140,154,0,56.36,3.4,0
23994058173,2026-08-16 08:39:40,treadmill_running,1803.04,2833.24,161,97,107,0,4.19,0.7,0
24008256428,2026-08-17 10:45:29,walking,7098.96,3088.15,518,88,114,40.85,3.74,0.6,0
24027966987,2026-08-18 20:19:32,walking,941.8,812.84,92,99,128,18.86,4.32,0.7,0
24040332034,2026-08-19 19:43:40,running,1232.88,2862.82,277,147,176,41,74.44,3.8,0
24045887492,2026-08-20 10:26:08,running,1320.75,3435.33,322,158,180,43.41,116.66,4.6,0.9
24074769726,2026-08-22 12:39:40,hiking,17807.92,12854.3,1321,93,141,477.63,15.17,2.1,0
24087980484,2026-08-23 17:40:25,walking,1483.02,1448.35,126,83,94,15.35,3.71,0.6,0
24088482679,2026-08-23 18:52:01,walking,1268.11,329.48,112,94,109,6.38,3.45,0.5,0
24109994588,2026-08-25 14:35:35,strength_training,2554.99,0,408,123,150,0,41.08,3.1,0.1
24110205224,2026-08-25 15:20:28,treadmill_running,971.61,1333.65,206,139,143,0,43.81,3.1,0.2
24112585757,2026-08-25 17:41:38,walking,3795.8,4138.05,400,98,126,64.87,12.98,1.7,0
24122323757,2026-08-26 10:53:47,walking,8309.74,6565.89,673,86,126,266.69,8.66,1.1,0
24126122710,2026-08-26 18:13:17,strength_training,2496.99,0,412,126,158,0,44.01,2.9,0.2
24136542084,2026-08-27 15:02:23,walking,2278.33,2025.62,189,91,107,11.68,3.74,0.5,0
24138826644,2026-08-27 18:07:02,walking,2744.46,1428.71,257,99,122,29.31,7.51,1,0
24146086064,2026-08-28 11:02:27,strength_training,2366.22,0,362,122,160,0,32.55,2.5,0.1
24155660012,2026-08-28 18:18:46,walking,596.66,432.16,55,96,118,11.46,2.96,0.4,0
24157526301,2026-08-29 11:18:04,treadmill_running,1204.96,1771.5,188,119,134,0,20.25,2.1,0
24158213127,2026-08-29 11:43:08,strength_training,2977.91,0,444,122,146,0,32.73,2.6,0
24158494555,2026-08-29 12:34:54,treadmill_running,1261.13,1734.17,244,132,140,0,38.91,2.6,0
24162118008,2026-08-29 16:54:53,walking,2721.06,839.36,306,109,142,4.68,18.74,2,0.1
24170696262,2026-08-30 12:23:35,treadmill_running,1804.48,3840,248,113,154,0,38.29,2.6,0
24179593720,2026-08-31 07:05:14,treadmill_running,1802.8,3841.15,260,116,151,0,40.86,2.6,0
24188019873,2026-08-31 20:27:58,walking,1952.33,1552.59,149,82,113,12.36,3.71,0.4,0
24191663088,2026-09-01 06:21:49,treadmill_running,1503.19,2620,129,96,108,0,4.02,0.4,0
24194078519,2026-09-01 11:21:53,walking,2063.88,2083.36,180,88,102,33.54,4.35,0.5,0
24197211425,2026-09-01 15:33:05,walking,2596.31,2332.47,215,87,118,34.96,4.68,0.5,0
24213952893,2026-09-02 19:09:57,treadmill_running,3223.86,4901.16,291,101,116,0,8.49,0.9,0
24218979242,2026-09-03 07:51:38,treadmill_running,1801.9,4306.48,279,125,146,0,33.52,2.4,0
24225340244,2026-09-03 18:14:44,walking,2005.27,1239.34,133,80,103,21.61,3.69,0.3,0
24226813041,2026-09-03 19:51:37,strength_training,2148.52,0,226,106,150,0,16.04,1.4,0.1
24239788282,2026-09-04 23:28:08,treadmill_running,1255.05,2134.31,110,93,105,0,3.28,0.3,0
24251091218,2026-09-05 20:11:55,walking,1914.23,1707.36,141,81,101,15.58,3.47,0.3,0
24255007331,2026-09-06 09:06:52,treadmill_running,2453.22,5300,357,117,137,0,34.56,2.3,0
24255420878,2026-09-06 10:03:29,walking,1225.16,1366.35,148,109,145,31.62,17.05,1.7,0
